image_link,category
http://image.msscdn.net/images/goods_img/20170510/552505/552505_2_220.jpg,short sleeve top
http://image.msscdn.net/images/goods_img/20170518/559201/559201_4_220.jpg,long sleeve top
http://image.msscdn.net/images/goods_img/20170518/559202/559202_4_220.jpg,long sleeve top
http://image.msscdn.net/images/goods_img/20170518/559204/559204_4_220.jpg,long sleeve top
http://image.msscdn.net/images/goods_img/20170518/559206/559206_4_220.jpg,short sleeve top
http://image.msscdn.net/images/goods_img/20170620/580286/580286_16836136684464_220.jpg,long sleeve outwear
http://image.msscdn.net/images/goods_img/20180404/748924/748924_16836137150403_220.jpg,long sleeve top
http://image.msscdn.net/images/goods_img/20180417/758644/758644_1_220.jpg,long sleeve dress
http://image.msscdn.net/images/goods_img/20180430/770649/770649_1_220.jpg,skirt
http://image.msscdn.net/images/goods_img/20190201/947088/947088_3_220.jpg,trousers
http://image.msscdn.net/images/goods_img/20190405/1006179/1006179_2_220.jpg,short sleeve top
http://image.msscdn.net/images/goods_img/20190416/1015136/1015136_1_220.jpg,long sleeve top
http://image.msscdn.net/images/goods_img/20190416/1015137/1015137_1_220.jpg,long sleeve top
http://image.msscdn.net/images/goods_img/20190429/1030093/1030093_1_220.jpg,trousers
http://image.msscdn.net/images/goods_img/20190503/1033848/1033848_1_220.jpg,short sleeve top
http://image.msscdn.net/images/goods_img/20190503/1033849/1033849_1_220.jpg,trousers
http://image.msscdn.net/images/goods_img/20190520/1049364/1049364_1_220.jpg,trousers
http://image.msscdn.net/images/goods_img/20190523/1053413/1053413_1_220.jpg,short sleeve top
http://image.msscdn.net/images/goods_img/20190523/1053414/1053414_1_220.jpg,short sleeve top
http://image.msscdn.net/images/goods_img/20190604/1063856/1063856_6_220.jpg,short sleeve top
http://image.msscdn.net/images/goods_img/20190604/1063857/1063857_6_220.jpg,shorts
http://image.msscdn.net/images/goods_img/20190604/1063858/1063858_16760176996833_220.jpg,short sleeve top
http://image.msscdn.net/images/goods_img/20190604/1063859/1063859_7_220.jpg,trousers
http://image.msscdn.net/images/goods_img/20200227/1326462/1326462_1_220.jpg,skirt
http://image.msscdn.net/images/goods_img/20200316/1352572/1352572_1_220.jpg,skirt
http://image.msscdn.net/images/goods_img/20200325/1368524/1368524_1_220.jpg,long sleeve top
http://image.msscdn.net/images/goods_img/20200330/1372945/1372945_1_220.jpg,long sleeve top
http://image.msscdn.net/images/goods_img/20200331/1375200/1375200_4_220.jpg,shorts
http://image.msscdn.net/images/goods_img/20200331/1375201/1375201_4_220.jpg,shorts
http://image.msscdn.net/images/goods_img/20200408/1390347/1390347_1_220.jpg,trousers
http://image.msscdn.net/images/goods_img/20200413/1401702/1401702_1_220.jpg,long sleeve top
http://image.msscdn.net/images/goods_img/20200427/1422929/1422929_16729796961358_220.jpg,short sleeve top
http://image.msscdn.net/images/goods_img/20200427/1422931/1422931_16729796031099_220.jpg,short sleeve top
http://image.msscdn.net/images/goods_img/20200429/1427153/1427153_1_220.jpg,trousers
http://image.msscdn.net/images/goods_img/20200506/1432488/1432488_1_220.jpg,short sleeve top
http://image.msscdn.net/images/goods_img/20200506/1432489/1432489_1_220.jpg,long sleeve dress
http://image.msscdn.net/images/goods_img/20200513/1443596/1443596_1_220.jpg,long sleeve top
http://image.msscdn.net/images/goods_img/20200520/1454869/1454869_1_220.jpg,short sleeve top
http://image.msscdn.net/images/goods_img/20200522/1458690/1458690_15_220.jpg,long sleeve top
http://image.msscdn.net/images/goods_img/20200527/1465438/1465438_1_220.jpg,long sleeve outwear
http://image.msscdn.net/images/goods_img/20200603/1471065/1471065_1_220.jpg,long sleeve top
http://image.msscdn.net/images/goods_img/20200609/1478853/1478853_1_220.jpg,short sleeve top
http://image.msscdn.net/images/goods_img/20200617/1487753/1487753_1_220.jpg,trousers
http://image.msscdn.net/images/goods_img/20200626/1498092/1498092_2_220.jpg,short sleeve top
http://image.msscdn.net/images/goods_img/20200627/1499393/1499393_1_220.jpg,skirt
http://image.msscdn.net/images/goods_img/20200627/1499394/1499394_1_220.jpg,long sleeve top
http://image.msscdn.net/images/goods_img/20200715/1516522/1516522_16831682956413_220.jpg,short sleeve top
http://image.msscdn.net/images/goods_img/20200810/1543356/1543356_1_220.jpg,long sleeve top
http://image.msscdn.net/images/goods_img/20200901/1576565/1576565_16788455043616_220.jpg,long sleeve top
http://image.msscdn.net/images/goods_img/20201223/1729217/1729217_1_220.jpg,long sleeve top
http://image.msscdn.net/images/goods_img/20210105/1737049/1737049_7_220.jpg,short sleeve top
http://image.msscdn.net/images/goods_img/20210105/1737051/1737051_9_220.jpg,short sleeve top
http://image.msscdn.net/images/goods_img/20210203/1776365/1776365_5_220.jpg,long sleeve top
http://image.msscdn.net/images/goods_img/20210204/1778404/1778404_1_220.jpg,long sleeve top
http://image.msscdn.net/images/goods_img/20210204/1778406/1778406_1_220.jpg,long sleeve top
http://image.msscdn.net/images/goods_img/20210204/1778408/1778408_1_220.jpg,long sleeve top
http://image.msscdn.net/images/goods_img/20210225/1814637/1814637_1_220.jpg,trousers
http://image.msscdn.net/images/goods_img/20210312/1842398/1842398_1_220.jpg,shorts
http://image.msscdn.net/images/goods_img/20210317/1848319/1848319_1_220.jpg,long sleeve top
http://image.msscdn.net/images/goods_img/20210317/1848789/1848789_2_220.jpg,shorts
http://image.msscdn.net/images/goods_img/20210322/1857350/1857350_1_220.jpg,long sleeve top
http://image.msscdn.net/images/goods_img/20210323/1860433/1860433_1_220.jpg,trousers
http://image.msscdn.net/images/goods_img/20210326/1866255/1866255_12_220.jpg,long sleeve top
http://image.msscdn.net/images/goods_img/20210331/1872503/1872503_1_220.jpg,shorts
http://image.msscdn.net/images/goods_img/20210401/1876601/1876601_1_220.jpg,long sleeve top
http://image.msscdn.net/images/goods_img/20210402/1876986/1876986_1_220.jpg,long sleeve top
http://image.msscdn.net/images/goods_img/20210402/1878064/1878064_1_220.jpg,long sleeve top
http://image.msscdn.net/images/goods_img/20210402/1878066/1878066_1_220.jpg,long sleeve top
http://image.msscdn.net/images/goods_img/20210407/1885739/1885739_1_220.jpg,long sleeve top
http://image.msscdn.net/images/goods_img/20210409/1891061/1891061_1_220.jpg,long sleeve top
http://image.msscdn.net/images/goods_img/20210414/1898495/1898495_2_220.jpg,short sleeve top
http://image.msscdn.net/images/goods_img/20210414/1898496/1898496_2_220.jpg,short sleeve top
http://image.msscdn.net/images/goods_img/20210416/1901980/1901980_16781499687197_220.jpg,long sleeve top
http://image.msscdn.net/images/goods_img/20210416/1903371/1903371_1_220.jpg,vest dress
http://image.msscdn.net/images/goods_img/20210419/1906829/1906829_1_220.jpg,long sleeve top
http://image.msscdn.net/images/goods_img/20210420/1908615/1908615_2_220.jpg,long sleeve top
http://image.msscdn.net/images/goods_img/20210420/1908616/1908616_2_220.jpg,long sleeve top
http://image.msscdn.net/images/goods_img/20210420/1908617/1908617_2_220.jpg,long sleeve top
http://image.msscdn.net/images/goods_img/20210420/1908618/1908618_2_220.jpg,long sleeve top
http://image.msscdn.net/images/goods_img/20210420/1909778/1909778_1_220.jpg,long sleeve dress
http://image.msscdn.net/images/goods_img/20210420/1909820/1909820_16838658692914_220.jpg,long sleeve top
http://image.msscdn.net/images/goods_img/20210421/1913401/1913401_1_220.jpg,long sleeve top
http://image.msscdn.net/images/goods_img/20210421/1913405/1913405_1_220.jpg,long sleeve top
http://image.msscdn.net/images/goods_img/20210421/1914224/1914224_1_220.jpg,short sleeve top
http://image.msscdn.net/images/goods_img/20210422/1916288/1916288_16865640139598_220.jpg,short sleeve top
http://image.msscdn.net/images/goods_img/20210422/1916306/1916306_2_220.jpg,trousers
http://image.msscdn.net/images/goods_img/20210422/1916308/1916308_2_220.jpg,trousers
http://image.msscdn.net/images/goods_img/20210422/1916310/1916310_2_220.jpg,trousers
http://image.msscdn.net/images/goods_img/20210422/1916312/1916312_2_220.jpg,trousers
http://image.msscdn.net/images/goods_img/20210422/1916745/1916745_2_220.jpg,long sleeve top
http://image.msscdn.net/images/goods_img/20210423/1917705/1917705_3_220.jpg,skirt
http://image.msscdn.net/images/goods_img/20210426/1920425/1920425_2_220.jpg,trousers
http://image.msscdn.net/images/goods_img/20210426/1920443/1920443_2_220.jpg,long sleeve top
http://image.msscdn.net/images/goods_img/20210426/1920445/1920445_2_220.jpg,long sleeve top
http://image.msscdn.net/images/goods_img/20210426/1920472/1920472_1_220.jpg,long sleeve top
http://image.msscdn.net/images/goods_img/20210426/1920494/1920494_1_220.jpg,long sleeve top
http://image.msscdn.net/images/goods_img/20210428/1926199/1926199_1_220.jpg,short sleeve top
http://image.msscdn.net/images/goods_img/20210428/1926200/1926200_1_220.jpg,long sleeve top
http://image.msscdn.net/images/goods_img/20210428/1926326/1926326_1_220.jpg,skirt
http://image.msscdn.net/images/goods_img/20210428/1927007/1927007_1_220.jpg,long sleeve top
http://image.msscdn.net/images/goods_img/20210428/1927008/1927008_2_220.jpg,long sleeve top
http://image.msscdn.net/images/goods_img/20210503/1935174/1935174_16810899181083_220.jpg,short sleeve top
http://image.msscdn.net/images/goods_img/20210503/1935179/1935179_16810899435369_220.jpg,short sleeve top
http://image.msscdn.net/images/goods_img/20210503/1935180/1935180_16810899633102_220.jpg,short sleeve top
http://image.msscdn.net/images/goods_img/20210504/1935906/1935906_1_220.jpg,trousers
http://image.msscdn.net/images/goods_img/20210504/1935907/1935907_1_220.jpg,long sleeve dress
http://image.msscdn.net/images/goods_img/20210510/1942950/1942950_1_220.jpg,long sleeve top
http://image.msscdn.net/images/goods_img/20210512/1946457/1946457_1_220.jpg,long sleeve top
http://image.msscdn.net/images/goods_img/20210513/1949084/1949084_1_220.jpg,long sleeve top
http://image.msscdn.net/images/goods_img/20210514/1950500/1950500_1_220.jpg,long sleeve top
http://image.msscdn.net/images/goods_img/20210514/1951472/1951472_1_220.jpg,long sleeve top
http://image.msscdn.net/images/goods_img/20210514/1951473/1951473_2_220.jpg,short sleeve top
http://image.msscdn.net/images/goods_img/20210514/1951474/1951474_2_220.jpg,long sleeve top
http://image.msscdn.net/images/goods_img/20210516/1952975/1952975_1_220.jpg,trousers
http://image.msscdn.net/images/goods_img/20210517/1953372/1953372_16822996708951_220.jpg,long sleeve top
http://image.msscdn.net/images/goods_img/20210517/1954082/1954082_1_220.jpg,short sleeve top
http://image.msscdn.net/images/goods_img/20210517/1954170/1954170_1_220.jpg,trousers
http://image.msscdn.net/images/goods_img/20210518/1955957/1955957_1_220.jpg,short sleeve top
http://image.msscdn.net/images/goods_img/20210518/1957641/1957641_16771380891150_220.jpg,long sleeve top
http://image.msscdn.net/images/goods_img/20210518/1957642/1957642_16771380515350_220.jpg,short sleeve top
http://image.msscdn.net/images/goods_img/20210518/1957643/1957643_16771379942204_220.jpg,short sleeve top
http://image.msscdn.net/images/goods_img/20210518/1957644/1957644_16771379674462_220.jpg,short sleeve top
http://image.msscdn.net/images/goods_img/20210518/1957645/1957645_16771379434122_220.jpg,long sleeve top
http://image.msscdn.net/images/goods_img/20210520/1959751/1959751_2_220.jpg,short sleeve top
http://image.msscdn.net/images/goods_img/20210521/1961156/1961156_1_220.jpg,short sleeve top
http://image.msscdn.net/images/goods_img/20210521/1961157/1961157_1_220.jpg,short sleeve top
http://image.msscdn.net/images/goods_img/20210523/1962910/1962910_16865051780799_220.jpg,long sleeve top
http://image.msscdn.net/images/goods_img/20210524/1964554/1964554_1_220.png,long sleeve top
http://image.msscdn.net/images/goods_img/20210525/1965345/1965345_2_220.jpg,long sleeve top
http://image.msscdn.net/images/goods_img/20210525/1967048/1967048_1_220.jpg,short sleeve top
http://image.msscdn.net/images/goods_img/20210528/1973351/1973351_1_220.jpg,trousers
http://image.msscdn.net/images/goods_img/20210528/1973461/1973461_16859405460066_220.jpg,long sleeve top
http://image.msscdn.net/images/goods_img/20210531/1976299/1976299_16835926854510_220.jpg,long sleeve top
http://image.msscdn.net/images/goods_img/20210531/1976315/1976315_16835927035137_220.jpg,long sleeve dress
http://image.msscdn.net/images/goods_img/20210602/1979814/1979814_3_220.jpg,long sleeve top
http://image.msscdn.net/images/goods_img/20210602/1980611/1980611_2_220.jpg,long sleeve top
http://image.msscdn.net/images/goods_img/20210602/1980625/1980625_2_220.jpg,short sleeve top
http://image.msscdn.net/images/goods_img/20210607/1985966/1985966_1_220.jpg,long sleeve top
http://image.msscdn.net/images/goods_img/20210610/1991639/1991639_2_220.jpg,skirt
http://image.msscdn.net/images/goods_img/20210611/1993188/1993188_1_220.jpg,long sleeve top
http://image.msscdn.net/images/goods_img/20210611/1993190/1993190_1_220.jpg,long sleeve top
http://image.msscdn.net/images/goods_img/20210615/1996668/1996668_16801527459326_220.jpg,long sleeve top
http://image.msscdn.net/images/goods_img/20210617/1998593/1998593_1_220.jpg,short sleeve top
http://image.msscdn.net/images/goods_img/20210621/2003586/2003586_1_220.jpg,long sleeve top
http://image.msscdn.net/images/goods_img/20210624/2008708/2008708_1_220.jpg,short sleeve top
http://image.msscdn.net/images/goods_img/20210702/2018239/2018239_1_220.jpg,long sleeve top
http://image.msscdn.net/images/goods_img/20210705/2019066/2019066_1_220.jpg,long sleeve top
http://image.msscdn.net/images/goods_img/20210714/2029016/2029016_2_220.jpg,short sleeve dress
http://image.msscdn.net/images/goods_img/20210715/2030138/2030138_1_220.jpg,short sleeve top
http://image.msscdn.net/images/goods_img/20210715/2030140/2030140_1_220.jpg,long sleeve top
http://image.msscdn.net/images/goods_img/20210715/2030141/2030141_1_220.jpg,long sleeve top
http://image.msscdn.net/images/goods_img/20210809/2053454/2053454_1_220.jpg,short sleeve top
http://image.msscdn.net/images/goods_img/20210809/2053455/2053455_1_220.jpg,short sleeve top
http://image.msscdn.net/images/goods_img/20210826/2091682/2091682_1_220.jpg,trousers
http://image.msscdn.net/images/goods_img/20210924/2144414/2144414_1_220.jpg,trousers
http://image.msscdn.net/images/goods_img/20211230/2287430/2287430_1_220.jpg,long sleeve top
http://image.msscdn.net/images/goods_img/20211230/2287431/2287431_1_220.jpg,long sleeve top
http://image.msscdn.net/images/goods_img/20220118/2312237/2312237_2_220.jpg,short sleeve top
http://image.msscdn.net/images/goods_img/20220118/2312238/2312238_2_220.jpg,long sleeve top
http://image.msscdn.net/images/goods_img/20220118/2312239/2312239_2_220.jpg,short sleeve top
http://image.msscdn.net/images/goods_img/20220118/2312241/2312241_2_220.jpg,short sleeve top
http://image.msscdn.net/images/goods_img/20220118/2312245/2312245_2_220.jpg,short sleeve top
http://image.msscdn.net/images/goods_img/20220118/2312246/2312246_2_220.jpg,short sleeve top
http://image.msscdn.net/images/goods_img/20220118/2312247/2312247_2_220.jpg,trousers
http://image.msscdn.net/images/goods_img/20220118/2312248/2312248_2_220.jpg,long sleeve top
http://image.msscdn.net/images/goods_img/20220118/2312249/2312249_2_220.jpg,short sleeve top
http://image.msscdn.net/images/goods_img/20220118/2312250/2312250_2_220.jpg,short sleeve top
http://image.msscdn.net/images/goods_img/20220118/2312251/2312251_2_220.jpg,trousers
http://image.msscdn.net/images/goods_img/20220118/2312252/2312252_2_220.jpg,short sleeve top
http://image.msscdn.net/images/goods_img/20220118/2312253/2312253_2_220.jpg,long sleeve top
http://image.msscdn.net/images/goods_img/20220124/2321833/2321833_16768776387965_220.jpg,long sleeve top
http://image.msscdn.net/images/goods_img/20220126/2329507/2329507_1_220.jpg,short sleeve top
http://image.msscdn.net/images/goods_img/20220126/2329508/2329508_1_220.jpg,short sleeve top
http://image.msscdn.net/images/goods_img/20220208/2347150/2347150_2_220.jpg,long sleeve top
http://image.msscdn.net/images/goods_img/20220215/2362527/2362527_16796227017810_220.jpg,long sleeve outwear
http://image.msscdn.net/images/goods_img/20220217/2368842/2368842_1_220.jpg,long sleeve top
http://image.msscdn.net/images/goods_img/20220217/2368843/2368843_1_220.jpg,long sleeve top
http://image.msscdn.net/images/goods_img/20220225/2385283/2385283_3_220.jpg,long sleeve outwear
http://image.msscdn.net/images/goods_img/20220302/2390902/2390902_4_220.jpg,vest dress
http://image.msscdn.net/images/goods_img/20220303/2394369/2394369_1_220.jpg,long sleeve top
http://image.msscdn.net/images/goods_img/20220304/2397901/2397901_1_220.jpg,long sleeve top
http://image.msscdn.net/images/goods_img/20220304/2397913/2397913_1_220.jpg,long sleeve top
http://image.msscdn.net/images/goods_img/20220308/2407203/2407203_16762528858430_220.jpg,skirt
http://image.msscdn.net/images/goods_img/20220310/2409892/2409892_2_220.jpg,short sleeve top
http://image.msscdn.net/images/goods_img/20220310/2409904/2409904_2_220.jpg,short sleeve top
http://image.msscdn.net/images/goods_img/20220310/2409907/2409907_1_220.jpg,long sleeve top
http://image.msscdn.net/images/goods_img/20220311/2411528/2411528_1_220.jpg,long sleeve top
http://image.msscdn.net/images/goods_img/20220311/2411530/2411530_1_220.jpg,short sleeve dress
http://image.msscdn.net/images/goods_img/20220311/2412223/2412223_1_220.jpg,long sleeve top
http://image.msscdn.net/images/goods_img/20220311/2412241/2412241_1_220.jpg,short sleeve top
http://image.msscdn.net/images/goods_img/20220311/2412278/2412278_1_220.jpg,long sleeve top
http://image.msscdn.net/images/goods_img/20220311/2412498/2412498_16788589522871_220.jpg,trousers
http://image.msscdn.net/images/goods_img/20220315/2417749/2417749_1_220.jpg,short sleeve top
http://image.msscdn.net/images/goods_img/20220315/2417757/2417757_1_220.jpg,short sleeve top
http://image.msscdn.net/images/goods_img/20220315/2418500/2418500_16788589638730_220.jpg,short sleeve top
http://image.msscdn.net/images/goods_img/20220315/2418541/2418541_16805027383284_220.jpg,short sleeve top
http://image.msscdn.net/images/goods_img/20220322/2436085/2436085_1_220.jpg,skirt
http://image.msscdn.net/images/goods_img/20220322/2436619/2436619_16788627848783_220.jpg,long sleeve top
http://image.msscdn.net/images/goods_img/20220322/2436620/2436620_16788628010656_220.jpg,long sleeve top
http://image.msscdn.net/images/goods_img/20220323/2439987/2439987_1_220.jpg,long sleeve top
http://image.msscdn.net/images/goods_img/20220323/2439990/2439990_1_220.jpg,long sleeve top
http://image.msscdn.net/images/goods_img/20220325/2445678/2445678_1_220.png,long sleeve top
http://image.msscdn.net/images/goods_img/20220325/2445794/2445794_16812835304163_220.png,long sleeve top
http://image.msscdn.net/images/goods_img/20220325/2445804/2445804_16812836059970_220.png,long sleeve top
http://image.msscdn.net/images/goods_img/20220325/2446224/2446224_1_220.jpg,long sleeve top
http://image.msscdn.net/images/goods_img/20220328/2450058/2450058_16790269685327_220.jpg,long sleeve dress
http://image.msscdn.net/images/goods_img/20220329/2450879/2450879_3_220.jpg,long sleeve top
http://image.msscdn.net/images/goods_img/20220329/2450907/2450907_3_220.jpg,long sleeve top
http://image.msscdn.net/images/goods_img/20220331/2458387/2458387_16795371763818_220.jpg,long sleeve top
http://image.msscdn.net/images/goods_img/20220331/2459705/2459705_1_220.jpg,short sleeve top
http://image.msscdn.net/images/goods_img/20220331/2459736/2459736_1_220.jpg,long sleeve top
http://image.msscdn.net/images/goods_img/20220331/2459750/2459750_1_220.jpg,long sleeve top
http://image.msscdn.net/images/goods_img/20220401/2461307/2461307_2_220.jpg,long sleeve top
http://image.msscdn.net/images/goods_img/20220401/2462326/2462326_2_220.jpg,short sleeve top
http://image.msscdn.net/images/goods_img/20220405/2466522/2466522_4_220.jpg,long sleeve top
http://image.msscdn.net/images/goods_img/20220405/2467934/2467934_3_220.jpg,long sleeve top
http://image.msscdn.net/images/goods_img/20220408/2476107/2476107_1_220.jpg,trousers
http://image.msscdn.net/images/goods_img/20220408/2476109/2476109_1_220.jpg,long sleeve top
http://image.msscdn.net/images/goods_img/20220408/2476110/2476110_1_220.jpg,long sleeve top
http://image.msscdn.net/images/goods_img/20220408/2476111/2476111_1_220.jpg,long sleeve top
http://image.msscdn.net/images/goods_img/20220408/2477123/2477123_2_220.jpg,short sleeve top
http://image.msscdn.net/images/goods_img/20220412/2482602/2482602_2_220.jpg,short sleeve top
http://image.msscdn.net/images/goods_img/20220413/2485264/2485264_16812795566580_220.jpg,long sleeve top
http://image.msscdn.net/images/goods_img/20220413/2485291/2485291_16812744313015_220.jpg,long sleeve top
http://image.msscdn.net/images/goods_img/20220413/2485318/2485318_16812743804534_220.jpg,long sleeve top
http://image.msscdn.net/images/goods_img/20220413/2485597/2485597_16822995751790_220.jpg,long sleeve top
http://image.msscdn.net/images/goods_img/20220413/2485778/2485778_16811169764927_220.jpg,long sleeve top
http://image.msscdn.net/images/goods_img/20220413/2485919/2485919_16841189990082_220.jpg,long sleeve top
http://image.msscdn.net/images/goods_img/20220413/2485923/2485923_16831067083570_220.jpg,short sleeve top
http://image.msscdn.net/images/goods_img/20220413/2486592/2486592_1_220.jpg,long sleeve top
http://image.msscdn.net/images/goods_img/20220413/2486593/2486593_1_220.jpg,long sleeve top
http://image.msscdn.net/images/goods_img/20220413/2487103/2487103_1_220.jpg,long sleeve top
http://image.msscdn.net/images/goods_img/20220413/2487104/2487104_1_220.jpg,long sleeve top
http://image.msscdn.net/images/goods_img/20220413/2487106/2487106_1_220.jpg,long sleeve top
http://image.msscdn.net/images/goods_img/20220413/2487107/2487107_1_220.jpg,long sleeve top
http://image.msscdn.net/images/goods_img/20220413/2487108/2487108_2_220.jpg,trousers
http://image.msscdn.net/images/goods_img/20220414/2489623/2489623_16780964082660_220.png,shorts
http://image.msscdn.net/images/goods_img/20220414/2490050/2490050_16796226189681_220.jpg,trousers
http://image.msscdn.net/images/goods_img/20220415/2491125/2491125_1_220.jpg,long sleeve top
http://image.msscdn.net/images/goods_img/20220415/2491135/2491135_1_220.jpg,short sleeve top
http://image.msscdn.net/images/goods_img/20220415/2492728/2492728_16807476087673_220.jpg,long sleeve top
http://image.msscdn.net/images/goods_img/20220415/2492943/2492943_2_220.jpg,short sleeve top
http://image.msscdn.net/images/goods_img/20220416/2494128/2494128_2_220.jpg,short sleeve top
http://image.msscdn.net/images/goods_img/20220416/2494129/2494129_1_220.jpg,long sleeve top
http://image.msscdn.net/images/goods_img/20220416/2494130/2494130_1_220.jpg,long sleeve top
http://image.msscdn.net/images/goods_img/20220416/2494131/2494131_1_220.jpg,long sleeve dress
http://image.msscdn.net/images/goods_img/20220416/2494132/2494132_1_220.jpg,long sleeve top
http://image.msscdn.net/images/goods_img/20220416/2494133/2494133_1_220.jpg,long sleeve dress
http://image.msscdn.net/images/goods_img/20220416/2494134/2494134_1_220.jpg,long sleeve dress
http://image.msscdn.net/images/goods_img/20220418/2495493/2495493_1_220.jpg,short sleeve top
http://image.msscdn.net/images/goods_img/20220418/2496697/2496697_1_220.jpg,short sleeve top
http://image.msscdn.net/images/goods_img/20220419/2497946/2497946_1_220.jpg,long sleeve top
http://image.msscdn.net/images/goods_img/20220419/2499308/2499308_1_220.jpg,long sleeve top
http://image.msscdn.net/images/goods_img/20220419/2499440/2499440_16758457770667_220.jpg,long sleeve top
http://image.msscdn.net/images/goods_img/20220419/2499611/2499611_16758373428559_220.jpg,long sleeve top
http://image.msscdn.net/images/goods_img/20220419/2500370/2500370_16816462537031_220.jpg,long sleeve top
http://image.msscdn.net/images/goods_img/20220419/2500375/2500375_16816462734294_220.jpg,short sleeve top
http://image.msscdn.net/images/goods_img/20220419/2501086/2501086_1_220.jpg,short sleeve top
http://image.msscdn.net/images/goods_img/20220419/2501093/2501093_1_220.jpg,trousers
http://image.msscdn.net/images/goods_img/20220419/2501094/2501094_1_220.jpg,short sleeve top
http://image.msscdn.net/images/goods_img/20220419/2501095/2501095_1_220.jpg,short sleeve top
http://image.msscdn.net/images/goods_img/20220420/2502822/2502822_1_220.jpg,trousers
http://image.msscdn.net/images/goods_img/20220420/2502829/2502829_1_220.jpg,long sleeve top
http://image.msscdn.net/images/goods_img/20220420/2503233/2503233_1_220.jpg,short sleeve top
http://image.msscdn.net/images/goods_img/20220420/2503235/2503235_1_220.jpg,vest dress
http://image.msscdn.net/images/goods_img/20220420/2503633/2503633_1_220.jpg,short sleeve top
http://image.msscdn.net/images/goods_img/20220422/2510178/2510178_1_220.jpg,trousers
http://image.msscdn.net/images/goods_img/20220422/2510179/2510179_1_220.jpg,short sleeve top
http://image.msscdn.net/images/goods_img/20220422/2510181/2510181_1_220.jpg,long sleeve top
http://image.msscdn.net/images/goods_img/20220422/2510184/2510184_16814464796888_220.jpg,short sleeve top
http://image.msscdn.net/images/goods_img/20220422/2510185/2510185_1_220.jpg,skirt
http://image.msscdn.net/images/goods_img/20220422/2510186/2510186_1_220.jpg,trousers
http://image.msscdn.net/images/goods_img/20220422/2510190/2510190_1_220.jpg,trousers
http://image.msscdn.net/images/goods_img/20220422/2510191/2510191_1_220.jpg,long sleeve top
http://image.msscdn.net/images/goods_img/20220422/2510192/2510192_1_220.jpg,long sleeve top
http://image.msscdn.net/images/goods_img/20220422/2510196/2510196_1_220.jpg,short sleeve top
http://image.msscdn.net/images/goods_img/20220425/2513444/2513444_1_220.jpg,trousers
http://image.msscdn.net/images/goods_img/20220425/2513448/2513448_2_220.jpg,trousers
http://image.msscdn.net/images/goods_img/20220425/2513458/2513458_1_220.jpg,trousers
http://image.msscdn.net/images/goods_img/20220425/2513459/2513459_1_220.jpg,short sleeve top
http://image.msscdn.net/images/goods_img/20220426/2517155/2517155_2_220.jpg,short sleeve top
http://image.msscdn.net/images/goods_img/20220427/2521888/2521888_4_220.jpg,long sleeve outwear
http://image.msscdn.net/images/goods_img/20220427/2521981/2521981_1_220.jpg,skirt
http://image.msscdn.net/images/goods_img/20220427/2521988/2521988_5_220.jpg,long sleeve top
http://image.msscdn.net/images/goods_img/20220427/2521996/2521996_3_220.jpg,long sleeve outwear
http://image.msscdn.net/images/goods_img/20220427/2522002/2522002_2_220.jpg,skirt
http://image.msscdn.net/images/goods_img/20220427/2522746/2522746_1_220.jpg,long sleeve top
http://image.msscdn.net/images/goods_img/20220427/2522836/2522836_1_220.jpg,long sleeve top
http://image.msscdn.net/images/goods_img/20220427/2522930/2522930_1_220.jpg,trousers
http://image.msscdn.net/images/goods_img/20220427/2522990/2522990_1_220.jpg,long sleeve top
http://image.msscdn.net/images/goods_img/20220427/2523041/2523041_1_220.jpg,trousers
http://image.msscdn.net/images/goods_img/20220427/2523104/2523104_1_220.jpg,short sleeve top
http://image.msscdn.net/images/goods_img/20220427/2523229/2523229_1_220.jpg,short sleeve top
http://image.msscdn.net/images/goods_img/20220427/2523507/2523507_1_220.jpg,long sleeve top
http://image.msscdn.net/images/goods_img/20220427/2523528/2523528_2_220.jpg,short sleeve top
http://image.msscdn.net/images/goods_img/20220427/2523752/2523752_1_220.jpg,long sleeve top
http://image.msscdn.net/images/goods_img/20220427/2524686/2524686_2_220.jpg,skirt
http://image.msscdn.net/images/goods_img/20220427/2524694/2524694_2_220.jpg,long sleeve top
http://image.msscdn.net/images/goods_img/20220427/2524702/2524702_2_220.jpg,long sleeve top
http://image.msscdn.net/images/goods_img/20220427/2524747/2524747_1_220.jpg,long sleeve top
http://image.msscdn.net/images/goods_img/20220427/2524753/2524753_1_220.jpg,long sleeve top
http://image.msscdn.net/images/goods_img/20220427/2524760/2524760_1_220.jpg,short sleeve top
http://image.msscdn.net/images/goods_img/20220427/2524940/2524940_16859406544549_220.jpg,short sleeve top
http://image.msscdn.net/images/goods_img/20220427/2524941/2524941_1_220.jpg,short sleeve top
http://image.msscdn.net/images/goods_img/20220428/2527274/2527274_1_220.jpg,shorts
http://image.msscdn.net/images/goods_img/20220428/2527996/2527996_1_220.jpg,long sleeve top
http://image.msscdn.net/images/goods_img/20220429/2530156/2530156_1_220.jpg,trousers
http://image.msscdn.net/images/goods_img/20220429/2530301/2530301_1_220.jpg,trousers
http://image.msscdn.net/images/goods_img/20220502/2533551/2533551_16818654324411_220.jpg,long sleeve top
http://image.msscdn.net/images/goods_img/20220502/2533564/2533564_16818653953904_220.jpg,long sleeve top
http://image.msscdn.net/images/goods_img/20220502/2533765/2533765_16818653505030_220.jpg,long sleeve top
http://image.msscdn.net/images/goods_img/20220502/2534228/2534228_1_220.jpg,long sleeve top
http://image.msscdn.net/images/goods_img/20220502/2534640/2534640_1_220.jpg,long sleeve top
http://image.msscdn.net/images/goods_img/20220502/2534760/2534760_16843784591620_220.jpg,long sleeve top
http://image.msscdn.net/images/goods_img/20220502/2534761/2534761_16843784255161_220.jpg,long sleeve top
http://image.msscdn.net/images/goods_img/20220502/2535205/2535205_1_220.jpg,short sleeve top
http://image.msscdn.net/images/goods_img/20220503/2538613/2538613_2_220.jpg,short sleeve top
http://image.msscdn.net/images/goods_img/20220503/2539692/2539692_1_220.jpg,long sleeve top
http://image.msscdn.net/images/goods_img/20220503/2539693/2539693_1_220.jpg,long sleeve top
http://image.msscdn.net/images/goods_img/20220503/2540259/2540259_16830051639920_220.jpg,trousers
http://image.msscdn.net/images/goods_img/20220503/2540260/2540260_16830055303043_220.jpg,long sleeve top
http://image.msscdn.net/images/goods_img/20220503/2540261/2540261_16830058809656_220.jpg,long sleeve top
http://image.msscdn.net/images/goods_img/20220503/2540262/2540262_16830062763240_220.jpg,shorts
http://image.msscdn.net/images/goods_img/20220504/2540995/2540995_16831682697154_220.jpg,short sleeve top
http://image.msscdn.net/images/goods_img/20220504/2541734/2541734_16812816344270_220.jpg,long sleeve top
http://image.msscdn.net/images/goods_img/20220504/2541736/2541736_16812816896451_220.jpg,long sleeve top
http://image.msscdn.net/images/goods_img/20220504/2541896/2541896_1_220.jpg,shorts
http://image.msscdn.net/images/goods_img/20220504/2541924/2541924_1_220.jpg,skirt
http://image.msscdn.net/images/goods_img/20220504/2542273/2542273_1_220.jpg,short sleeve top
http://image.msscdn.net/images/goods_img/20220504/2542318/2542318_2_220.jpg,long sleeve top
http://image.msscdn.net/images/goods_img/20220504/2542410/2542410_16778241303150_220.jpg,short sleeve top
http://image.msscdn.net/images/goods_img/20220506/2543702/2543702_1_220.jpg,long sleeve top
http://image.msscdn.net/images/goods_img/20220508/2545209/2545209_1_220.jpg,short sleeve top
http://image.msscdn.net/images/goods_img/20220508/2545214/2545214_1_220.jpg,short sleeve top
http://image.msscdn.net/images/goods_img/20220509/2546789/2546789_1_220.jpg,long sleeve top
http://image.msscdn.net/images/goods_img/20220511/2552191/2552191_2_220.jpg,vest dress
http://image.msscdn.net/images/goods_img/20220511/2552241/2552241_1_220.jpg,short sleeve top
http://image.msscdn.net/images/goods_img/20220512/2554311/2554311_1_220.jpg,long sleeve top
http://image.msscdn.net/images/goods_img/20220512/2556547/2556547_1_220.jpg,short sleeve top
http://image.msscdn.net/images/goods_img/20220513/2558376/2558376_4_220.jpg,short sleeve top
http://image.msscdn.net/images/goods_img/20220513/2559215/2559215_1_220.jpg,long sleeve top
http://image.msscdn.net/images/goods_img/20220514/2560209/2560209_1_220.jpg,long sleeve top
http://image.msscdn.net/images/goods_img/20220514/2560210/2560210_1_220.jpg,long sleeve top
http://image.msscdn.net/images/goods_img/20220514/2560211/2560211_1_220.jpg,long sleeve outwear
http://image.msscdn.net/images/goods_img/20220514/2560213/2560213_1_220.jpg,long sleeve top
http://image.msscdn.net/images/goods_img/20220514/2560214/2560214_6_220.jpg,long sleeve top
http://image.msscdn.net/images/goods_img/20220514/2560216/2560216_1_220.jpg,vest dress
http://image.msscdn.net/images/goods_img/20220514/2560217/2560217_1_220.jpg,long sleeve top
http://image.msscdn.net/images/goods_img/20220516/2562164/2562164_1_220.jpg,long sleeve top
http://image.msscdn.net/images/goods_img/20220516/2562230/2562230_1_220.jpg,long sleeve top
http://image.msscdn.net/images/goods_img/20220516/2562370/2562370_1_220.jpg,long sleeve top
http://image.msscdn.net/images/goods_img/20220516/2562975/2562975_2_220.jpg,long sleeve top
http://image.msscdn.net/images/goods_img/20220516/2562976/2562976_3_220.jpg,long sleeve top
http://image.msscdn.net/images/goods_img/20220518/2566950/2566950_1_220.jpg,long sleeve top
http://image.msscdn.net/images/goods_img/20220518/2567172/2567172_1_220.jpg,long sleeve top
http://image.msscdn.net/images/goods_img/20220518/2568681/2568681_1_220.jpg,shorts
http://image.msscdn.net/images/goods_img/20220518/2568689/2568689_2_220.jpg,long sleeve outwear
http://image.msscdn.net/images/goods_img/20220518/2568702/2568702_1_220.jpg,short sleeve top
http://image.msscdn.net/images/goods_img/20220518/2568719/2568719_2_220.jpg,short sleeve top
http://image.msscdn.net/images/goods_img/20220519/2569073/2569073_1_220.jpg,long sleeve top
http://image.msscdn.net/images/goods_img/20220519/2569510/2569510_1_220.jpg,long sleeve top
http://image.msscdn.net/images/goods_img/20220519/2571643/2571643_6_220.jpg,long sleeve top
http://image.msscdn.net/images/goods_img/20220520/2572749/2572749_1_220.jpg,trousers
http://image.msscdn.net/images/goods_img/20220523/2574946/2574946_2_220.jpg,long sleeve top
http://image.msscdn.net/images/goods_img/20220524/2579522/2579522_16861860493021_220.jpg,vest dress
http://image.msscdn.net/images/goods_img/20220525/2580328/2580328_1_220.jpg,shorts
http://image.msscdn.net/images/goods_img/20220525/2580455/2580455_1_220.jpg,long sleeve top
http://image.msscdn.net/images/goods_img/20220525/2580981/2580981_16798801368253_220.jpg,long sleeve top
http://image.msscdn.net/images/goods_img/20220525/2581025/2581025_1_220.jpg,short sleeve top
http://image.msscdn.net/images/goods_img/20220525/2581510/2581510_1_220.jpg,long sleeve top
http://image.msscdn.net/images/goods_img/20220525/2581577/2581577_1_220.jpg,long sleeve dress
http://image.msscdn.net/images/goods_img/20220525/2581579/2581579_16814464568123_220.jpg,short sleeve top
http://image.msscdn.net/images/goods_img/20220525/2581584/2581584_16814464091584_220.jpg,shorts
http://image.msscdn.net/images/goods_img/20220525/2581641/2581641_1_220.jpg,long sleeve top
http://image.msscdn.net/images/goods_img/20220526/2584039/2584039_1_220.png,skirt
http://image.msscdn.net/images/goods_img/20220527/2587296/2587296_16772198874401_220.jpg,long sleeve top
http://image.msscdn.net/images/goods_img/20220527/2587862/2587862_16843073771575_220.jpg,trousers
http://image.msscdn.net/images/goods_img/20220527/2588606/2588606_1_220.jpg,long sleeve top
http://image.msscdn.net/images/goods_img/20220527/2588631/2588631_1_220.jpg,long sleeve top
http://image.msscdn.net/images/goods_img/20220530/2589077/2589077_1_220.jpg,skirt
http://image.msscdn.net/images/goods_img/20220530/2589661/2589661_1_220.jpg,long sleeve top
http://image.msscdn.net/images/goods_img/20220530/2589662/2589662_1_220.jpg,long sleeve top
http://image.msscdn.net/images/goods_img/20220530/2589663/2589663_16862089019887_220.jpg,trousers
http://image.msscdn.net/images/goods_img/20220530/2590391/2590391_1_220.jpg,long sleeve top
http://image.msscdn.net/images/goods_img/20220531/2591425/2591425_1_220.jpg,long sleeve top
http://image.msscdn.net/images/goods_img/20220531/2591426/2591426_2_220.jpg,long sleeve top
http://image.msscdn.net/images/goods_img/20220531/2591427/2591427_1_220.jpg,vest dress
http://image.msscdn.net/images/goods_img/20220531/2591428/2591428_1_220.jpg,long sleeve top
http://image.msscdn.net/images/goods_img/20220531/2591889/2591889_16810899987220_220.jpg,short sleeve top
http://image.msscdn.net/images/goods_img/20220531/2591894/2591894_16810900094432_220.jpg,long sleeve dress
http://image.msscdn.net/images/goods_img/20220531/2591897/2591897_16810898955837_220.jpg,long sleeve dress
http://image.msscdn.net/images/goods_img/20220531/2592378/2592378_16738322032539_220.jpg,trousers
http://image.msscdn.net/images/goods_img/20220531/2592473/2592473_1_220.jpg,skirt
http://image.msscdn.net/images/goods_img/20220601/2594403/2594403_1_220.jpg,trousers
http://image.msscdn.net/images/goods_img/20220601/2594837/2594837_16856788888980_220.jpg,trousers
http://image.msscdn.net/images/goods_img/20220606/2599320/2599320_1_220.jpg,long sleeve top
http://image.msscdn.net/images/goods_img/20220608/2604426/2604426_2_220.jpg,long sleeve top
http://image.msscdn.net/images/goods_img/20220613/2611103/2611103_16812811547568_220.jpg,long sleeve top
http://image.msscdn.net/images/goods_img/20220613/2612004/2612004_1_220.jpg,long sleeve top
http://image.msscdn.net/images/goods_img/20220614/2613887/2613887_16830065554067_220.jpg,long sleeve top
http://image.msscdn.net/images/goods_img/20220614/2614060/2614060_1_220.jpg,long sleeve top
http://image.msscdn.net/images/goods_img/20220614/2614405/2614405_1_220.jpg,long sleeve top
http://image.msscdn.net/images/goods_img/20220615/2616927/2616927_1_220.jpg,long sleeve top
http://image.msscdn.net/images/goods_img/20220616/2618853/2618853_2_220.jpg,shorts
http://image.msscdn.net/images/goods_img/20220616/2619167/2619167_1_220.jpg,short sleeve top
http://image.msscdn.net/images/goods_img/20220620/2623618/2623618_2_220.jpg,long sleeve top
http://image.msscdn.net/images/goods_img/20220622/2629040/2629040_1_220.jpg,long sleeve outwear
http://image.msscdn.net/images/goods_img/20220624/2632630/2632630_1_220.png,long sleeve top
http://image.msscdn.net/images/goods_img/20220627/2634024/2634024_16831066733750_220.jpg,long sleeve top
http://image.msscdn.net/images/goods_img/20220628/2635663/2635663_1_220.jpg,long sleeve top
http://image.msscdn.net/images/goods_img/20220628/2635669/2635669_1_220.jpg,skirt
http://image.msscdn.net/images/goods_img/20220628/2635706/2635706_1_220.jpg,long sleeve top
http://image.msscdn.net/images/goods_img/20220628/2635721/2635721_1_220.jpg,skirt
http://image.msscdn.net/images/goods_img/20220628/2636982/2636982_1_220.jpg,long sleeve top
http://image.msscdn.net/images/goods_img/20220630/2641363/2641363_2_220.png,long sleeve top
http://image.msscdn.net/images/goods_img/20220701/2642619/2642619_1_220.jpg,short sleeve top
http://image.msscdn.net/images/goods_img/20220711/2655815/2655815_2_220.jpg,long sleeve top
http://image.msscdn.net/images/goods_img/20220713/2662662/2662662_1_220.jpg,long sleeve top
http://image.msscdn.net/images/goods_img/20220715/2667525/2667525_2_220.jpg,long sleeve top
http://image.msscdn.net/images/goods_img/20220718/2668986/2668986_16799643805461_220.jpg,long sleeve dress
http://image.msscdn.net/images/goods_img/20220721/2675375/2675375_1_220.jpg,long sleeve top
http://image.msscdn.net/images/goods_img/20220727/2685938/2685938_1_220.jpg,vest dress
http://image.msscdn.net/images/goods_img/20220811/2712417/2712417_16740948812052_220.jpg,vest dress
http://image.msscdn.net/images/goods_img/20220816/2718413/2718413_1_220.jpg,long sleeve top
http://image.msscdn.net/images/goods_img/20220907/2778161/2778161_1_220.jpg,long sleeve top
http://image.msscdn.net/images/goods_img/20220928/2826194/2826194_16_220.jpg,trousers
http://image.msscdn.net/images/goods_img/20221025/2889430/2889430_1_220.jpg,long sleeve top
http://image.msscdn.net/images/goods_img/20221223/2995886/2995886_16763418256997_220.jpg,long sleeve top
http://image.msscdn.net/images/goods_img/20230112/3021827/3021827_16735082371446_220.jpg,long sleeve top
http://image.msscdn.net/images/goods_img/20230117/3029809/3029809_16747064704438_220.jpg,long sleeve top
http://image.msscdn.net/images/goods_img/20230117/3029811/3029811_16747064616586_220.jpg,long sleeve top
http://image.msscdn.net/images/goods_img/20230120/3035535/3035535_16774858417580_220.jpg,skirt
http://image.msscdn.net/images/goods_img/20230120/3035536/3035536_16774820252597_220.jpg,short sleeve top
http://image.msscdn.net/images/goods_img/20230120/3035537/3035537_16774820545798_220.jpg,short sleeve top
http://image.msscdn.net/images/goods_img/20230120/3035538/3035538_16774817081685_220.jpg,short sleeve top
http://image.msscdn.net/images/goods_img/20230120/3035539/3035539_16807563027044_220.jpg,short sleeve top
http://image.msscdn.net/images/goods_img/20230125/3037664/3037664_16750667880838_220.jpg,vest dress
http://image.msscdn.net/images/goods_img/20230126/3040749/3040749_16780691306316_220.jpg,vest dress
http://image.msscdn.net/images/goods_img/20230201/3051776/3051776_16800740627966_220.jpg,long sleeve top
http://image.msscdn.net/images/goods_img/20230201/3051777/3051777_16800740520235_220.jpg,long sleeve top
http://image.msscdn.net/images/goods_img/20230201/3053831/3053831_16753841335158_220.jpg,long sleeve top
http://image.msscdn.net/images/goods_img/20230202/3054408/3054408_16831644257485_220.jpg,short sleeve top
http://image.msscdn.net/images/goods_img/20230202/3054410/3054410_16831644596107_220.jpg,long sleeve top
http://image.msscdn.net/images/goods_img/20230202/3054411/3054411_16831643623464_220.jpg,short sleeve top
http://image.msscdn.net/images/goods_img/20230202/3056562/3056562_16866630251896_220.jpg,short sleeve top
http://image.msscdn.net/images/goods_img/20230202/3056563/3056563_16867018905566_220.jpg,short sleeve top
http://image.msscdn.net/images/goods_img/20230202/3056574/3056574_16811908797077_220.jpg,short sleeve top
http://image.msscdn.net/images/goods_img/20230202/3056576/3056576_16811908108109_220.jpg,trousers
http://image.msscdn.net/images/goods_img/20230206/3060832/3060832_16801389070025_220.jpg,vest dress
http://image.msscdn.net/images/goods_img/20230208/3070209/3070209_16769543221445_220.jpg,short sleeve dress
http://image.msscdn.net/images/goods_img/20230214/3080472/3080472_16841309274741_220.jpg,trousers
http://image.msscdn.net/images/goods_img/20230214/3080479/3080479_16818045629909_220.jpg,long sleeve top
http://image.msscdn.net/images/goods_img/20230214/3080482/3080482_16844092156821_220.jpg,trousers
http://image.msscdn.net/images/goods_img/20230215/3085287/3085287_16764413889157_220.jpg,long sleeve top
http://image.msscdn.net/images/goods_img/20230215/3085945/3085945_16764468651051_220.jpg,long sleeve top
http://image.msscdn.net/images/goods_img/20230215/3085948/3085948_16764468840855_220.jpg,short sleeve top
http://image.msscdn.net/images/goods_img/20230215/3086707/3086707_16793832888719_220.jpg,long sleeve top
http://image.msscdn.net/images/goods_img/20230220/3094592/3094592_16777422291033_220.jpg,long sleeve top
http://image.msscdn.net/images/goods_img/20230221/3098415/3098415_16800804896509_220.jpg,long sleeve top
http://image.msscdn.net/images/goods_img/20230221/3098909/3098909_16782036294737_220.jpg,long sleeve top
http://image.msscdn.net/images/goods_img/20230222/3099429/3099429_16784105178759_220.jpg,long sleeve top
http://image.msscdn.net/images/goods_img/20230222/3099431/3099431_16784103112411_220.jpg,long sleeve top
http://image.msscdn.net/images/goods_img/20230222/3099441/3099441_16811847427293_220.jpg,long sleeve outwear
http://image.msscdn.net/images/goods_img/20230222/3099442/3099442_16784093484166_220.jpg,long sleeve top
http://image.msscdn.net/images/goods_img/20230223/3105129/3105129_16788545130168_220.jpg,long sleeve top
http://image.msscdn.net/images/goods_img/20230223/3105130/3105130_16788545067743_220.jpg,long sleeve top
http://image.msscdn.net/images/goods_img/20230223/3105133/3105133_16788544945811_220.jpg,short sleeve top
http://image.msscdn.net/images/goods_img/20230223/3105525/3105525_16817805819932_220.jpg,short sleeve top
http://image.msscdn.net/images/goods_img/20230223/3105636/3105636_16776944855103_220.jpg,long sleeve top
http://image.msscdn.net/images/goods_img/20230223/3105637/3105637_16776937327403_220.jpg,long sleeve top
http://image.msscdn.net/images/goods_img/20230223/3105639/3105639_16776926097877_220.jpg,long sleeve top
http://image.msscdn.net/images/goods_img/20230224/3106178/3106178_16772137183939_220.jpg,long sleeve top
http://image.msscdn.net/images/goods_img/20230224/3106665/3106665_16795498903366_220.jpg,long sleeve top
http://image.msscdn.net/images/goods_img/20230227/3109947/3109947_16806547596166_220.jpg,long sleeve top
http://image.msscdn.net/images/goods_img/20230227/3109948/3109948_16806547445337_220.jpg,short sleeve top
http://image.msscdn.net/images/goods_img/20230227/3109958/3109958_16806546217474_220.jpg,short sleeve top
http://image.msscdn.net/images/goods_img/20230303/3121515/3121515_16778286610200_220.png,long sleeve top
http://image.msscdn.net/images/goods_img/20230306/3124507/3124507_16780819501707_220.jpg,shorts
http://image.msscdn.net/images/goods_img/20230307/3126796/3126796_16799794779596_220.jpg,short sleeve top
http://image.msscdn.net/images/goods_img/20230307/3128659/3128659_16786690375197_220.jpg,long sleeve top
http://image.msscdn.net/images/goods_img/20230307/3129295/3129295_16781743488181_220.jpg,long sleeve top
http://image.msscdn.net/images/goods_img/20230307/3129641/3129641_16862916746496_220.jpg,vest dress
http://image.msscdn.net/images/goods_img/20230308/3132864/3132864_16866990261177_220.jpg,short sleeve top
http://image.msscdn.net/images/goods_img/20230308/3132865/3132865_16866632215932_220.jpg,trousers
http://image.msscdn.net/images/goods_img/20230308/3132866/3132866_16866631696656_220.jpg,long sleeve top
http://image.msscdn.net/images/goods_img/20230308/3132867/3132867_16867006530095_220.jpg,short sleeve top
http://image.msscdn.net/images/goods_img/20230308/3133242/3133242_16783408293314_220.jpg,long sleeve top
http://image.msscdn.net/images/goods_img/20230308/3133294/3133294_16792985308552_220.jpg,long sleeve top
http://image.msscdn.net/images/goods_img/20230309/3138131/3138131_16796402009084_220.jpg,shorts
http://image.msscdn.net/images/goods_img/20230310/3138634/3138634_16786848314116_220.jpg,long sleeve top
http://image.msscdn.net/images/goods_img/20230313/3141898/3141898_16786548161880_220.jpg,long sleeve top
http://image.msscdn.net/images/goods_img/20230313/3142840/3142840_16862006887595_220.jpg,shorts
http://image.msscdn.net/images/goods_img/20230313/3142842/3142842_16786816870472_220.jpg,trousers
http://image.msscdn.net/images/goods_img/20230313/3142844/3142844_16786817121230_220.jpg,trousers
http://image.msscdn.net/images/goods_img/20230313/3142914/3142914_16786824199434_220.jpg,long sleeve outwear
http://image.msscdn.net/images/goods_img/20230313/3144161/3144161_16787791148246_220.jpg,long sleeve top
http://image.msscdn.net/images/goods_img/20230313/3144162/3144162_16787791033619_220.jpg,short sleeve top
http://image.msscdn.net/images/goods_img/20230313/3144163/3144163_16787790875750_220.jpg,skirt
http://image.msscdn.net/images/goods_img/20230313/3144165/3144165_16787790765332_220.jpg,short sleeve top
http://image.msscdn.net/images/goods_img/20230313/3144167/3144167_16787790478874_220.jpg,skirt
http://image.msscdn.net/images/goods_img/20230313/3144168/3144168_16787790358559_220.jpg,long sleeve top
http://image.msscdn.net/images/goods_img/20230314/3146954/3146954_16808305390513_220.jpg,short sleeve top
http://image.msscdn.net/images/goods_img/20230315/3149203/3149203_16788488248705_220.jpg,long sleeve top
http://image.msscdn.net/images/goods_img/20230316/3154368/3154368_16789502557789_220.jpg,long sleeve top
http://image.msscdn.net/images/goods_img/20230316/3154772/3154772_16793864934896_220.jpg,short sleeve top
http://image.msscdn.net/images/goods_img/20230316/3154782/3154782_16793865339840_220.jpg,vest dress
http://image.msscdn.net/images/goods_img/20230316/3154788/3154788_16793865642285_220.jpg,short sleeve top
http://image.msscdn.net/images/goods_img/20230316/3154790/3154790_16793865932286_220.jpg,vest dress
http://image.msscdn.net/images/goods_img/20230316/3155067/3155067_16793876552958_220.jpg,long sleeve top
http://image.msscdn.net/images/goods_img/20230316/3155079/3155079_16811060484675_220.jpg,long sleeve top
http://image.msscdn.net/images/goods_img/20230317/3155852/3155852_16790205909051_220.jpg,trousers
http://image.msscdn.net/images/goods_img/20230317/3156559/3156559_16799017451587_220.jpg,long sleeve top
http://image.msscdn.net/images/goods_img/20230317/3156560/3156560_16799017293565_220.jpg,long sleeve top
http://image.msscdn.net/images/goods_img/20230317/3156561/3156561_16799017159120_220.jpg,vest dress
http://image.msscdn.net/images/goods_img/20230317/3159832/3159832_16808249733440_220.jpg,skirt
http://image.msscdn.net/images/goods_img/20230320/3161383/3161383_16792861147156_220.jpg,long sleeve top
http://image.msscdn.net/images/goods_img/20230320/3162581/3162581_16795580899196_220.jpg,short sleeve top
http://image.msscdn.net/images/goods_img/20230320/3162585/3162585_16795580770385_220.jpg,long sleeve top
http://image.msscdn.net/images/goods_img/20230320/3162595/3162595_16795580512230_220.jpg,long sleeve top
http://image.msscdn.net/images/goods_img/20230320/3162598/3162598_16795580388645_220.jpg,long sleeve top
http://image.msscdn.net/images/goods_img/20230320/3162599/3162599_16795580325290_220.jpg,long sleeve top
http://image.msscdn.net/images/goods_img/20230320/3162600/3162600_16795580263222_220.jpg,long sleeve top
http://image.msscdn.net/images/goods_img/20230320/3162962/3162962_16801586688324_220.jpg,long sleeve top
http://image.msscdn.net/images/goods_img/20230320/3163081/3163081_16801585453452_220.jpg,long sleeve top
http://image.msscdn.net/images/goods_img/20230320/3163142/3163142_16807495596417_220.jpg,short sleeve top
http://image.msscdn.net/images/goods_img/20230320/3163400/3163400_16794504892844_220.jpg,short sleeve top
http://image.msscdn.net/images/goods_img/20230320/3163577/3163577_16795354532231_220.jpg,long sleeve top
http://image.msscdn.net/images/goods_img/20230320/3163578/3163578_16795353942121_220.jpg,long sleeve top
http://image.msscdn.net/images/goods_img/20230320/3163579/3163579_16795353038234_220.jpg,long sleeve top
http://image.msscdn.net/images/goods_img/20230320/3163580/3163580_16795352634365_220.jpg,long sleeve top
http://image.msscdn.net/images/goods_img/20230321/3164480/3164480_16807430083031_220.jpg,short sleeve top
http://image.msscdn.net/images/goods_img/20230321/3164493/3164493_16800626300561_220.jpg,long sleeve top
http://image.msscdn.net/images/goods_img/20230321/3165393/3165393_16799860872140_220.jpg,short sleeve top
http://image.msscdn.net/images/goods_img/20230321/3165414/3165414_16799861408777_220.jpg,short sleeve top
http://image.msscdn.net/images/goods_img/20230321/3165424/3165424_16799861819565_220.jpg,skirt
http://image.msscdn.net/images/goods_img/20230321/3166333/3166333_16806858920575_220.jpg,vest dress
http://image.msscdn.net/images/goods_img/20230321/3167314/3167314_16799847820519_220.jpg,long sleeve top
http://image.msscdn.net/images/goods_img/20230321/3167315/3167315_16799847937915_220.jpg,long sleeve top
http://image.msscdn.net/images/goods_img/20230321/3167333/3167333_16807425154994_220.jpg,shorts
http://image.msscdn.net/images/goods_img/20230321/3167335/3167335_16807425319370_220.jpg,short sleeve top
http://image.msscdn.net/images/goods_img/20230321/3167336/3167336_16807425445125_220.jpg,vest dress
http://image.msscdn.net/images/goods_img/20230321/3167341/3167341_16824040859564_220.jpg,long sleeve top
http://image.msscdn.net/images/goods_img/20230321/3167347/3167347_16824040708164_220.jpg,short sleeve top
http://image.msscdn.net/images/goods_img/20230321/3167348/3167348_16824058194428_220.jpg,long sleeve top
http://image.msscdn.net/images/goods_img/20230321/3167350/3167350_16824040554982_220.jpg,long sleeve top
http://image.msscdn.net/images/goods_img/20230322/3168476/3168476_16842066646582_220.jpg,shorts
http://image.msscdn.net/images/goods_img/20230322/3168852/3168852_16855068906398_220.jpg,vest dress
http://image.msscdn.net/images/goods_img/20230322/3169407/3169407_16794616102540_220.jpg,long sleeve top
http://image.msscdn.net/images/goods_img/20230322/3170237/3170237_16838654435114_220.jpg,long sleeve top
http://image.msscdn.net/images/goods_img/20230322/3170593/3170593_16817809484777_220.jpg,long sleeve top
http://image.msscdn.net/images/goods_img/20230322/3170594/3170594_16817809335079_220.jpg,long sleeve top
http://image.msscdn.net/images/goods_img/20230322/3170596/3170596_16817809089454_220.jpg,long sleeve top
http://image.msscdn.net/images/goods_img/20230322/3170597/3170597_16817808924059_220.jpg,vest dress
http://image.msscdn.net/images/goods_img/20230322/3170716/3170716_16806734298717_220.jpg,long sleeve top
http://image.msscdn.net/images/goods_img/20230322/3171271/3171271_16794777569353_220.jpg,long sleeve top
http://image.msscdn.net/images/goods_img/20230322/3171275/3171275_16794777684046_220.jpg,skirt
http://image.msscdn.net/images/goods_img/20230322/3171278/3171278_16794777849541_220.jpg,long sleeve top
http://image.msscdn.net/images/goods_img/20230322/3171279/3171279_16794777937313_220.jpg,short sleeve top
http://image.msscdn.net/images/goods_img/20230322/3171280/3171280_16794778021374_220.jpg,long sleeve top
http://image.msscdn.net/images/goods_img/20230322/3171281/3171281_16794778136029_220.jpg,long sleeve top
http://image.msscdn.net/images/goods_img/20230323/3173530/3173530_16795481131519_220.jpg,shorts
http://image.msscdn.net/images/goods_img/20230323/3174357/3174357_16814617730988_220.jpg,trousers
http://image.msscdn.net/images/goods_img/20230323/3174780/3174780_16817834369842_220.jpg,long sleeve top
http://image.msscdn.net/images/goods_img/20230323/3174788/3174788_16817833731471_220.jpg,long sleeve top
http://image.msscdn.net/images/goods_img/20230323/3174792/3174792_16817833632923_220.jpg,short sleeve top
http://image.msscdn.net/images/goods_img/20230323/3174793/3174793_16817833544852_220.jpg,short sleeve top
http://image.msscdn.net/images/goods_img/20230323/3174921/3174921_16817810655808_220.png,long sleeve top
http://image.msscdn.net/images/goods_img/20230323/3174935/3174935_16848233614916_220.jpg,trousers
http://image.msscdn.net/images/goods_img/20230323/3174938/3174938_16848233983638_220.jpg,trousers
http://image.msscdn.net/images/goods_img/20230323/3174941/3174941_16848235518228_220.jpg,trousers
http://image.msscdn.net/images/goods_img/20230323/3174943/3174943_16848235113276_220.jpg,long sleeve top
http://image.msscdn.net/images/goods_img/20230323/3174946/3174946_16848234856599_220.jpg,long sleeve top
http://image.msscdn.net/images/goods_img/20230323/3175306/3175306_16800034967378_220.jpg,long sleeve top
http://image.msscdn.net/images/goods_img/20230323/3175651/3175651_16807674550899_220.jpg,long sleeve top
http://image.msscdn.net/images/goods_img/20230327/3180188/3180188_16801456584196_220.jpg,short sleeve top
http://image.msscdn.net/images/goods_img/20230327/3180191/3180191_16801456663658_220.jpg,short sleeve top
http://image.msscdn.net/images/goods_img/20230327/3180218/3180218_16835303975341_220.jpg,long sleeve top
http://image.msscdn.net/images/goods_img/20230327/3180221/3180221_16835298013963_220.jpg,long sleeve top
http://image.msscdn.net/images/goods_img/20230327/3180223/3180223_16835297908109_220.jpg,short sleeve top
http://image.msscdn.net/images/goods_img/20230327/3180226/3180226_16835297701110_220.jpg,long sleeve top
http://image.msscdn.net/images/goods_img/20230327/3180244/3180244_16835303786193_220.jpg,long sleeve top
http://image.msscdn.net/images/goods_img/20230327/3181373/3181373_16800748122013_220.jpg,short sleeve top
http://image.msscdn.net/images/goods_img/20230327/3182439/3182439_16807698896013_220.jpg,long sleeve top
http://image.msscdn.net/images/goods_img/20230327/3182450/3182450_16807697443279_220.jpg,long sleeve top
http://image.msscdn.net/images/goods_img/20230327/3182462/3182462_16807695482815_220.jpg,long sleeve top
http://image.msscdn.net/images/goods_img/20230327/3182463/3182463_16807695139820_220.jpg,long sleeve top
http://image.msscdn.net/images/goods_img/20230327/3182618/3182618_16801385847473_220.jpg,long sleeve top
http://image.msscdn.net/images/goods_img/20230327/3182795/3182795_16811141111657_220.jpg,long sleeve outwear
http://image.msscdn.net/images/goods_img/20230327/3182797/3182797_16811143202492_220.jpg,long sleeve top
http://image.msscdn.net/images/goods_img/20230327/3182929/3182929_16811149296480_220.jpg,long sleeve outwear
http://image.msscdn.net/images/goods_img/20230327/3183069/3183069_16833778490119_220.jpg,shorts
http://image.msscdn.net/images/goods_img/20230327/3183078/3183078_16833781625367_220.jpg,long sleeve outwear
http://image.msscdn.net/images/goods_img/20230327/3183084/3183084_16833783783971_220.jpg,shorts
http://image.msscdn.net/images/goods_img/20230327/3183154/3183154_16817300503847_220.jpg,long sleeve top
http://image.msscdn.net/images/goods_img/20230327/3183157/3183157_16817969828809_220.jpg,long sleeve dress
http://image.msscdn.net/images/goods_img/20230327/3183159/3183159_16817258331263_220.jpg,short sleeve top
http://image.msscdn.net/images/goods_img/20230327/3183160/3183160_16817321917180_220.jpg,trousers
http://image.msscdn.net/images/goods_img/20230327/3183161/3183161_16817255163744_220.jpg,long sleeve top
http://image.msscdn.net/images/goods_img/20230328/3184075/3184075_16799656777733_220.jpg,long sleeve top
http://image.msscdn.net/images/goods_img/20230328/3185554/3185554_16799807756794_220.jpg,long sleeve top
http://image.msscdn.net/images/goods_img/20230328/3187370/3187370_16836191700179_220.jpg,trousers
http://image.msscdn.net/images/goods_img/20230328/3187488/3187488_16805002814504_220.jpg,long sleeve top
http://image.msscdn.net/images/goods_img/20230328/3187491/3187491_16805003281457_220.jpg,long sleeve top
http://image.msscdn.net/images/goods_img/20230328/3187526/3187526_16819835708586_220.jpg,long sleeve top
http://image.msscdn.net/images/goods_img/20230329/3187703/3187703_16807481997453_220.jpg,long sleeve dress
http://image.msscdn.net/images/goods_img/20230330/3194622/3194622_16835086671889_220.jpg,long sleeve top
http://image.msscdn.net/images/goods_img/20230330/3194628/3194628_16835143580454_220.png,long sleeve top
http://image.msscdn.net/images/goods_img/20230330/3195169/3195169_16835143408534_220.png,short sleeve top
http://image.msscdn.net/images/goods_img/20230330/3196079/3196079_16806851327496_220.jpg,short sleeve top
http://image.msscdn.net/images/goods_img/20230330/3196080/3196080_16812770978307_220.jpg,long sleeve top
http://image.msscdn.net/images/goods_img/20230331/3196343/3196343_16805725147411_220.jpg,trousers
http://image.msscdn.net/images/goods_img/20230331/3196801/3196801_16811131745091_220.jpg,long sleeve top
http://image.msscdn.net/images/goods_img/20230331/3197209/3197209_16867901648043_220.jpg,vest dress
http://image.msscdn.net/images/goods_img/20230331/3197210/3197210_16867898822192_220.jpg,shorts
http://image.msscdn.net/images/goods_img/20230331/3197219/3197219_16867897938867_220.jpg,short sleeve top
http://image.msscdn.net/images/goods_img/20230331/3197221/3197221_16867896978895_220.jpg,short sleeve top
http://image.msscdn.net/images/goods_img/20230331/3197224/3197224_16867909147149_220.jpg,short sleeve top
http://image.msscdn.net/images/goods_img/20230403/3200536/3200536_16813754782579_220.jpg,long sleeve top
http://image.msscdn.net/images/goods_img/20230403/3201175/3201175_16807003176208_220.jpg,short sleeve top
http://image.msscdn.net/images/goods_img/20230403/3201703/3201703_16817235965608_220.jpg,long sleeve top
http://image.msscdn.net/images/goods_img/20230403/3201756/3201756_16817244818383_220.jpg,long sleeve outwear
http://image.msscdn.net/images/goods_img/20230403/3201900/3201900_16806759575867_220.jpg,skirt
http://image.msscdn.net/images/goods_img/20230403/3201902/3201902_16806761883873_220.jpg,long sleeve top
http://image.msscdn.net/images/goods_img/20230404/3206035/3206035_16838662635807_220.jpg,long sleeve top
http://image.msscdn.net/images/goods_img/20230405/3207879/3207879_16819593602822_220.jpg,long sleeve top
http://image.msscdn.net/images/goods_img/20230405/3209524/3209524_16810368933117_220.jpg,short sleeve top
http://image.msscdn.net/images/goods_img/20230405/3209531/3209531_16810369066644_220.jpg,short sleeve top
http://image.msscdn.net/images/goods_img/20230405/3209536/3209536_16810369315439_220.jpg,short sleeve top
http://image.msscdn.net/images/goods_img/20230405/3209780/3209780_16814460030723_220.jpg,long sleeve top
http://image.msscdn.net/images/goods_img/20230405/3209782/3209782_16814459935030_220.jpg,long sleeve top
http://image.msscdn.net/images/goods_img/20230405/3209785/3209785_16814459731424_220.jpg,short sleeve top
http://image.msscdn.net/images/goods_img/20230405/3209786/3209786_16814459625871_220.jpg,long sleeve top
http://image.msscdn.net/images/goods_img/20230405/3209788/3209788_16814459413279_220.jpg,long sleeve top
http://image.msscdn.net/images/goods_img/20230406/3210987/3210987_16811916875471_220.jpg,long sleeve top
http://image.msscdn.net/images/goods_img/20230406/3211007/3211007_16849766098102_220.jpg,skirt
http://image.msscdn.net/images/goods_img/20230406/3211161/3211161_16829209254099_220.jpg,long sleeve top
http://image.msscdn.net/images/goods_img/20230406/3211310/3211310_16822955652807_220.jpg,long sleeve top
http://image.msscdn.net/images/goods_img/20230406/3211356/3211356_16835288554984_220.jpg,long sleeve top
http://image.msscdn.net/images/goods_img/20230406/3211377/3211377_16835287508935_220.jpg,long sleeve top
http://image.msscdn.net/images/goods_img/20230406/3211391/3211391_16835283593150_220.jpg,long sleeve top
http://image.msscdn.net/images/goods_img/20230406/3211407/3211407_16818852629998_220.jpg,skirt
http://image.msscdn.net/images/goods_img/20230406/3211415/3211415_16818852108029_220.jpg,short sleeve top
http://image.msscdn.net/images/goods_img/20230406/3213354/3213354_16807684333397_220.jpg,long sleeve top
http://image.msscdn.net/images/goods_img/20230406/3213783/3213783_16807725802377_220.jpg,trousers
http://image.msscdn.net/images/goods_img/20230407/3215010/3215010_16843812060676_220.jpg,shorts
http://image.msscdn.net/images/goods_img/20230407/3216217/3216217_16808497775428_220.jpg,long sleeve top
http://image.msscdn.net/images/goods_img/20230407/3216761/3216761_16837744807644_220.jpg,long sleeve top
http://image.msscdn.net/images/goods_img/20230410/3219693/3219693_16811795336412_220.jpg,long sleeve top
http://image.msscdn.net/images/goods_img/20230410/3220171/3220171_16843120273201_220.jpg,long sleeve top
http://image.msscdn.net/images/goods_img/20230410/3220318/3220318_16843127960464_220.jpg,skirt
http://image.msscdn.net/images/goods_img/20230410/3221762/3221762_16812810547497_220.jpg,long sleeve dress
http://image.msscdn.net/images/goods_img/20230410/3221763/3221763_16812810351848_220.jpg,long sleeve top
http://image.msscdn.net/images/goods_img/20230411/3221918/3221918_16826680409641_220.jpg,long sleeve top
http://image.msscdn.net/images/goods_img/20230411/3222053/3222053_16836189005169_220.jpg,skirt
http://image.msscdn.net/images/goods_img/20230411/3223293/3223293_16850658414077_220.jpg,trousers
http://image.msscdn.net/images/goods_img/20230411/3224466/3224466_16816460328183_220.jpg,long sleeve top
http://image.msscdn.net/images/goods_img/20230411/3224471/3224471_16816460469660_220.jpg,long sleeve top
http://image.msscdn.net/images/goods_img/20230411/3224489/3224489_16816460608079_220.jpg,short sleeve top
http://image.msscdn.net/images/goods_img/20230411/3224498/3224498_16816460871627_220.jpg,long sleeve top
http://image.msscdn.net/images/goods_img/20230411/3224505/3224505_16816460988513_220.jpg,vest dress
http://image.msscdn.net/images/goods_img/20230411/3224508/3224508_16816461213578_220.jpg,long sleeve top
http://image.msscdn.net/images/goods_img/20230411/3224510/3224510_16816461389330_220.jpg,long sleeve top
http://image.msscdn.net/images/goods_img/20230411/3224512/3224512_16816461512590_220.jpg,short sleeve top
http://image.msscdn.net/images/goods_img/20230411/3224515/3224515_16816924861338_220.jpg,long sleeve top
http://image.msscdn.net/images/goods_img/20230411/3224516/3224516_16816461828544_220.jpg,long sleeve top
http://image.msscdn.net/images/goods_img/20230411/3224519/3224519_16816461996747_220.jpg,long sleeve top
http://image.msscdn.net/images/goods_img/20230411/3224911/3224911_16855884285665_220.jpg,skirt
http://image.msscdn.net/images/goods_img/20230411/3224919/3224919_16841363321229_220.jpg,skirt
http://image.msscdn.net/images/goods_img/20230411/3224954/3224954_16841321451268_220.jpg,long sleeve outwear
http://image.msscdn.net/images/goods_img/20230411/3224975/3224975_16841321844069_220.jpg,skirt
http://image.msscdn.net/images/goods_img/20230411/3225021/3225021_16837692407311_220.jpg,long sleeve top
http://image.msscdn.net/images/goods_img/20230411/3225032/3225032_16837689869817_220.jpg,long sleeve top
http://image.msscdn.net/images/goods_img/20230411/3225039/3225039_16818845443447_220.jpg,long sleeve top
http://image.msscdn.net/images/goods_img/20230411/3225057/3225057_16818846621295_220.jpg,short sleeve top
http://image.msscdn.net/images/goods_img/20230411/3225287/3225287_16819030033078_220.jpg,trousers
http://image.msscdn.net/images/goods_img/20230411/3225300/3225300_16819029632749_220.jpg,skirt
http://image.msscdn.net/images/goods_img/20230411/3226023/3226023_16813124648328_220.jpg,short sleeve top
http://image.msscdn.net/images/goods_img/20230412/3226340/3226340_16842897095919_220.jpg,vest dress
http://image.msscdn.net/images/goods_img/20230412/3228036/3228036_16812791684242_220.jpg,long sleeve top
http://image.msscdn.net/images/goods_img/20230412/3228037/3228037_16812790990306_220.jpg,trousers
http://image.msscdn.net/images/goods_img/20230412/3228063/3228063_16816463986422_220.jpg,long sleeve top
http://image.msscdn.net/images/goods_img/20230412/3228066/3228066_16816464276969_220.jpg,long sleeve top
http://image.msscdn.net/images/goods_img/20230412/3228068/3228068_16816464399391_220.jpg,long sleeve top
http://image.msscdn.net/images/goods_img/20230412/3228070/3228070_16816464562379_220.jpg,long sleeve top
http://image.msscdn.net/images/goods_img/20230412/3228072/3228072_16816464722873_220.jpg,short sleeve top
http://image.msscdn.net/images/goods_img/20230412/3228715/3228715_16818005889327_220.jpg,trousers
http://image.msscdn.net/images/goods_img/20230412/3228716/3228716_16818005721809_220.jpg,skirt
http://image.msscdn.net/images/goods_img/20230412/3229362/3229362_16820390846263_220.jpg,short sleeve top
http://image.msscdn.net/images/goods_img/20230412/3229365/3229365_16820390015967_220.jpg,long sleeve top
http://image.msscdn.net/images/goods_img/20230412/3229407/3229407_16819709356785_220.jpg,short sleeve top
http://image.msscdn.net/images/goods_img/20230412/3229412/3229412_16819708768459_220.jpg,long sleeve top
http://image.msscdn.net/images/goods_img/20230412/3229438/3229438_16819700941665_220.jpg,long sleeve top
http://image.msscdn.net/images/goods_img/20230412/3229537/3229537_16819687133008_220.jpg,short sleeve top
http://image.msscdn.net/images/goods_img/20230412/3229557/3229557_16819678153936_220.jpg,long sleeve top
http://image.msscdn.net/images/goods_img/20230412/3229573/3229573_16819675105840_220.jpg,shorts
http://image.msscdn.net/images/goods_img/20230412/3229625/3229625_16819663472309_220.jpg,short sleeve top
http://image.msscdn.net/images/goods_img/20230412/3229643/3229643_16818988248897_220.jpg,long sleeve dress
http://image.msscdn.net/images/goods_img/20230412/3229650/3229650_16818984090187_220.jpg,short sleeve top
http://image.msscdn.net/images/goods_img/20230412/3230150/3230150_16837059645049_220.jpg,vest dress
http://image.msscdn.net/images/goods_img/20230412/3230152/3230152_16831856135432_220.jpg,vest dress
http://image.msscdn.net/images/goods_img/20230412/3230154/3230154_16831856481316_220.jpg,vest dress
http://image.msscdn.net/images/goods_img/20230413/3230721/3230721_16820599295338_220.jpg,long sleeve top
http://image.msscdn.net/images/goods_img/20230413/3230723/3230723_16820598921128_220.jpg,long sleeve top
http://image.msscdn.net/images/goods_img/20230413/3230724/3230724_16820598731642_220.jpg,long sleeve top
http://image.msscdn.net/images/goods_img/20230413/3230728/3230728_16820598047165_220.jpg,long sleeve top
http://image.msscdn.net/images/goods_img/20230413/3230730/3230730_16820583787643_220.jpg,long sleeve top
http://image.msscdn.net/images/goods_img/20230413/3230731/3230731_16820597764795_220.jpg,short sleeve top
http://image.msscdn.net/images/goods_img/20230413/3230732/3230732_16820597645986_220.jpg,long sleeve top
http://image.msscdn.net/images/goods_img/20230413/3230980/3230980_16816949229822_220.jpg,long sleeve top
http://image.msscdn.net/images/goods_img/20230413/3231180/3231180_16814462748919_220.jpg,trousers
http://image.msscdn.net/images/goods_img/20230413/3231183/3231183_16814462554563_220.jpg,short sleeve top
http://image.msscdn.net/images/goods_img/20230413/3231408/3231408_16813541852750_220.jpg,long sleeve outwear
http://image.msscdn.net/images/goods_img/20230413/3231418/3231418_16813543009199_220.jpg,shorts
http://image.msscdn.net/images/goods_img/20230413/3231426/3231426_16813546136576_220.jpg,skirt
http://image.msscdn.net/images/goods_img/20230413/3231438/3231438_16813548443014_220.jpg,vest dress
http://image.msscdn.net/images/goods_img/20230413/3231878/3231878_16830098583384_220.jpg,long sleeve top
http://image.msscdn.net/images/goods_img/20230413/3231884/3231884_16830113770488_220.jpg,short sleeve top
http://image.msscdn.net/images/goods_img/20230413/3231886/3231886_16830113527586_220.jpg,long sleeve top
http://image.msscdn.net/images/goods_img/20230413/3231887/3231887_16830113403996_220.jpg,long sleeve top
http://image.msscdn.net/images/goods_img/20230413/3232772/3232772_16867257619344_220.jpg,long sleeve top
http://image.msscdn.net/images/goods_img/20230413/3232774/3232774_16849053759906_220.jpg,long sleeve top
http://image.msscdn.net/images/goods_img/20230413/3232775/3232775_16867257358146_220.jpg,short sleeve top
http://image.msscdn.net/images/goods_img/20230413/3233288/3233288_16856728030676_220.jpg,trousers
http://image.msscdn.net/images/goods_img/20230414/3233964/3233964_16818676554527_220.jpg,long sleeve top
http://image.msscdn.net/images/goods_img/20230414/3233965/3233965_16818676356215_220.jpg,long sleeve top
http://image.msscdn.net/images/goods_img/20230414/3233966/3233966_16818676169523_220.jpg,long sleeve top
http://image.msscdn.net/images/goods_img/20230414/3234109/3234109_16814345722507_220.jpg,long sleeve top
http://image.msscdn.net/images/goods_img/20230414/3234110/3234110_16814345814068_220.jpg,long sleeve top
http://image.msscdn.net/images/goods_img/20230414/3234161/3234161_16814349231578_220.jpg,long sleeve top
http://image.msscdn.net/images/goods_img/20230414/3234309/3234309_16829208910313_220.jpg,long sleeve top
http://image.msscdn.net/images/goods_img/20230414/3234665/3234665_16830157130646_220.jpg,trousers
http://image.msscdn.net/images/goods_img/20230414/3234823/3234823_16814414847344_220.jpg,vest dress
http://image.msscdn.net/images/goods_img/20230414/3235679/3235679_16814528118536_220.jpg,long sleeve top
http://image.msscdn.net/images/goods_img/20230414/3235693/3235693_16825790347333_220.jpg,long sleeve top
http://image.msscdn.net/images/goods_img/20230415/3236825/3236825_16818018403523_220.jpg,long sleeve top
http://image.msscdn.net/images/goods_img/20230417/3237789/3237789_16816953174883_220.jpg,long sleeve top
http://image.msscdn.net/images/goods_img/20230417/3239629/3239629_16817170781162_220.jpg,short sleeve top
http://image.msscdn.net/images/goods_img/20230417/3239638/3239638_16836784842282_220.jpg,short sleeve top
http://image.msscdn.net/images/goods_img/20230417/3239797/3239797_16829208579412_220.jpg,long sleeve top
http://image.msscdn.net/images/goods_img/20230417/3239838/3239838_16823022840869_220.jpg,short sleeve top
http://image.msscdn.net/images/goods_img/20230417/3239839/3239839_16823022959183_220.jpg,short sleeve top
http://image.msscdn.net/images/goods_img/20230417/3239841/3239841_16823023089644_220.jpg,vest dress
http://image.msscdn.net/images/goods_img/20230418/3241937/3241937_16825596840993_220.jpg,long sleeve top
http://image.msscdn.net/images/goods_img/20230418/3242300/3242300_16842900142495_220.jpg,long sleeve top
http://image.msscdn.net/images/goods_img/20230418/3242313/3242313_16842896745684_220.jpg,vest dress
http://image.msscdn.net/images/goods_img/20230418/3242315/3242315_16842895442914_220.jpg,long sleeve top
http://image.msscdn.net/images/goods_img/20230418/3242316/3242316_16842892991675_220.jpg,long sleeve top
http://image.msscdn.net/images/goods_img/20230418/3242762/3242762_16838725128339_220.jpg,trousers
http://image.msscdn.net/images/goods_img/20230418/3243189/3243189_16826715742913_220.jpg,long sleeve top
http://image.msscdn.net/images/goods_img/20230418/3243201/3243201_16826716080115_220.jpg,short sleeve top
http://image.msscdn.net/images/goods_img/20230418/3243211/3243211_16826716596132_220.jpg,long sleeve top
http://image.msscdn.net/images/goods_img/20230418/3243537/3243537_16831620770810_220.jpg,short sleeve top
http://image.msscdn.net/images/goods_img/20230418/3243542/3243542_16831621154938_220.jpg,long sleeve dress
http://image.msscdn.net/images/goods_img/20230419/3244697/3244697_16849155229883_220.jpg,long sleeve top
http://image.msscdn.net/images/goods_img/20230419/3246083/3246083_16835908096891_220.jpg,long sleeve top
http://image.msscdn.net/images/goods_img/20230419/3247652/3247652_16824826013731_220.jpg,long sleeve top
http://image.msscdn.net/images/goods_img/20230420/3248766/3248766_16824155199407_220.jpg,vest dress
http://image.msscdn.net/images/goods_img/20230420/3248777/3248777_16824157473885_220.jpg,long sleeve top
http://image.msscdn.net/images/goods_img/20230420/3248830/3248830_16822599568665_220.jpg,long sleeve top
http://image.msscdn.net/images/goods_img/20230420/3248834/3248834_16822599695923_220.jpg,long sleeve top
http://image.msscdn.net/images/goods_img/20230420/3248835/3248835_16822599837214_220.jpg,long sleeve top
http://image.msscdn.net/images/goods_img/20230420/3249001/3249001_16826848624811_220.jpg,short sleeve top
http://image.msscdn.net/images/goods_img/20230420/3249013/3249013_16826845281656_220.jpg,short sleeve top
http://image.msscdn.net/images/goods_img/20230420/3250165/3250165_16830085398764_220.jpg,long sleeve top
http://image.msscdn.net/images/goods_img/20230421/3252004/3252004_16824762276012_220.jpg,long sleeve top
http://image.msscdn.net/images/goods_img/20230421/3252631/3252631_16820492166673_220.jpg,long sleeve top
http://image.msscdn.net/images/goods_img/20230421/3253118/3253118_16820575157985_220.jpg,trousers
http://image.msscdn.net/images/goods_img/20230421/3253392/3253392_16835247779074_220.jpg,long sleeve top
http://image.msscdn.net/images/goods_img/20230421/3253468/3253468_16835262435597_220.jpg,long sleeve top
http://image.msscdn.net/images/goods_img/20230421/3253716/3253716_16830012925816_220.jpg,long sleeve top
http://image.msscdn.net/images/goods_img/20230421/3253717/3253717_16830012033858_220.jpg,long sleeve top
http://image.msscdn.net/images/goods_img/20230421/3253718/3253718_16830011038427_220.jpg,short sleeve top
http://image.msscdn.net/images/goods_img/20230421/3253719/3253719_16830010260044_220.jpg,long sleeve top
http://image.msscdn.net/images/goods_img/20230421/3253721/3253721_16843951204071_220.jpg,long sleeve top
http://image.msscdn.net/images/goods_img/20230423/3254155/3254155_16822671693204_220.jpg,trousers
http://image.msscdn.net/images/goods_img/20230424/3254388/3254388_16824847753328_220.jpg,long sleeve top
http://image.msscdn.net/images/goods_img/20230424/3255473/3255473_16825638047385_220.jpg,long sleeve top
http://image.msscdn.net/images/goods_img/20230424/3255475/3255475_16825637765041_220.jpg,trousers
http://image.msscdn.net/images/goods_img/20230424/3255476/3255476_16825637576283_220.jpg,long sleeve dress
http://image.msscdn.net/images/goods_img/20230424/3255480/3255480_16835126549978_220.jpg,skirt
http://image.msscdn.net/images/goods_img/20230424/3255482/3255482_16835126110988_220.jpg,skirt
http://image.msscdn.net/images/goods_img/20230424/3255484/3255484_16825636341493_220.jpg,short sleeve top
http://image.msscdn.net/images/goods_img/20230424/3255680/3255680_16824923638318_220.jpg,long sleeve top
http://image.msscdn.net/images/goods_img/20230424/3256298/3256298_16825804785991_220.jpg,long sleeve top
http://image.msscdn.net/images/goods_img/20230424/3256301/3256301_16825803301023_220.jpg,skirt
http://image.msscdn.net/images/goods_img/20230424/3256380/3256380_16825924886862_220.jpg,long sleeve top
http://image.msscdn.net/images/goods_img/20230424/3256381/3256381_16825924769923_220.jpg,long sleeve top
http://image.msscdn.net/images/goods_img/20230424/3256500/3256500_16823222318174_220.jpg,long sleeve top
http://image.msscdn.net/images/goods_img/20230424/3256540/3256540_16830845928066_220.jpg,short sleeve top
http://image.msscdn.net/images/goods_img/20230424/3256550/3256550_16830846187869_220.jpg,long sleeve top
http://image.msscdn.net/images/goods_img/20230424/3256667/3256667_16825752704994_220.jpg,shorts
http://image.msscdn.net/images/goods_img/20230425/3257808/3257808_16830872108089_220.jpg,long sleeve top
http://image.msscdn.net/images/goods_img/20230425/3257890/3257890_16835276548367_220.jpg,long sleeve top
http://image.msscdn.net/images/goods_img/20230425/3257908/3257908_16835281523572_220.jpg,long sleeve top
http://image.msscdn.net/images/goods_img/20230425/3258397/3258397_16824205155868_220.jpg,long sleeve top
http://image.msscdn.net/images/goods_img/20230425/3258404/3258404_16824231110606_220.jpg,vest dress
http://image.msscdn.net/images/goods_img/20230425/3258892/3258892_16830988566584_220.jpg,short sleeve top
http://image.msscdn.net/images/goods_img/20230425/3258942/3258942_16824105806133_220.jpg,long sleeve top
http://image.msscdn.net/images/goods_img/20230425/3259362/3259362_16824123568993_220.jpg,long sleeve top
http://image.msscdn.net/images/goods_img/20230425/3260082/3260082_16834274171871_220.jpg,skirt
http://image.msscdn.net/images/goods_img/20230425/3260128/3260128_16829959093430_220.jpg,long sleeve top
http://image.msscdn.net/images/goods_img/20230425/3260129/3260129_16829958979760_220.jpg,vest dress
http://image.msscdn.net/images/goods_img/20230425/3260132/3260132_16829958853612_220.jpg,long sleeve dress
http://image.msscdn.net/images/goods_img/20230425/3260140/3260140_16829958605020_220.jpg,long sleeve dress
http://image.msscdn.net/images/goods_img/20230425/3260146/3260146_16829958354943_220.jpg,long sleeve top
http://image.msscdn.net/images/goods_img/20230425/3260233/3260233_16824741647863_220.jpg,long sleeve top
http://image.msscdn.net/images/goods_img/20230425/3260825/3260825_16830898294513_220.jpg,long sleeve top
http://image.msscdn.net/images/goods_img/20230426/3261652/3261652_16829958773076_220.jpg,long sleeve top
http://image.msscdn.net/images/goods_img/20230426/3262369/3262369_16849035554892_220.jpg,long sleeve top
http://image.msscdn.net/images/goods_img/20230426/3262391/3262391_16824829234885_220.jpg,trousers
http://image.msscdn.net/images/goods_img/20230426/3263590/3263590_16848854172399_220.jpg,skirt
http://image.msscdn.net/images/goods_img/20230426/3264023/3264023_16830915686835_220.jpg,vest dress
http://image.msscdn.net/images/goods_img/20230426/3264033/3264033_16830916394164_220.jpg,trousers
http://image.msscdn.net/images/goods_img/20230426/3264054/3264054_16830917086918_220.jpg,skirt
http://image.msscdn.net/images/goods_img/20230426/3264059/3264059_16830917414918_220.jpg,trousers
http://image.msscdn.net/images/goods_img/20230426/3264256/3264256_16830924787192_220.jpg,trousers
http://image.msscdn.net/images/goods_img/20230427/3265727/3265727_16849143040904_220.jpg,long sleeve top
http://image.msscdn.net/images/goods_img/20230427/3265979/3265979_16832899004531_220.jpg,long sleeve outwear
http://image.msscdn.net/images/goods_img/20230428/3267499/3267499_16866219226410_220.jpg,vest dress
http://image.msscdn.net/images/goods_img/20230428/3267568/3267568_16826419554288_220.jpg,trousers
http://image.msscdn.net/images/goods_img/20230428/3267572/3267572_16826420003462_220.jpg,trousers
http://image.msscdn.net/images/goods_img/20230428/3267577/3267577_16826420488139_220.jpg,trousers
http://image.msscdn.net/images/goods_img/20230428/3267597/3267597_16841285543642_220.jpg,long sleeve top
http://image.msscdn.net/images/goods_img/20230428/3267874/3267874_16831646467934_220.jpg,long sleeve top
http://image.msscdn.net/images/goods_img/20230428/3268017/3268017_16837915509422_220.jpg,long sleeve top
http://image.msscdn.net/images/goods_img/20230428/3268071/3268071_16829958207050_220.jpg,long sleeve dress
http://image.msscdn.net/images/goods_img/20230430/3269888/3269888_16855135971317_220.jpg,long sleeve top
http://image.msscdn.net/images/goods_img/20230430/3269889/3269889_16855140336917_220.jpg,long sleeve top
http://image.msscdn.net/images/goods_img/20230430/3269902/3269902_16855153325835_220.jpg,long sleeve top
http://image.msscdn.net/images/goods_img/20230502/3270441/3270441_16829845735725_220.jpg,short sleeve top
http://image.msscdn.net/images/goods_img/20230502/3270510/3270510_16837618560386_220.jpg,trousers
http://image.msscdn.net/images/goods_img/20230502/3270625/3270625_16835962679379_220.jpg,long sleeve top
http://image.msscdn.net/images/goods_img/20230502/3270662/3270662_16837635518223_220.jpg,shorts
http://image.msscdn.net/images/goods_img/20230502/3271281/3271281_16838648381375_220.jpg,long sleeve top
http://image.msscdn.net/images/goods_img/20230502/3271380/3271380_16843659094853_220.jpg,long sleeve top
http://image.msscdn.net/images/goods_img/20230502/3271381/3271381_16843658579909_220.jpg,long sleeve top
http://image.msscdn.net/images/goods_img/20230502/3271382/3271382_16843658019261_220.jpg,long sleeve top
http://image.msscdn.net/images/goods_img/20230502/3271383/3271383_16843656977007_220.jpg,long sleeve top
http://image.msscdn.net/images/goods_img/20230502/3271452/3271452_16866390530432_220.jpg,long sleeve top
http://image.msscdn.net/images/goods_img/20230502/3271511/3271511_16838655603271_220.jpg,long sleeve top
http://image.msscdn.net/images/goods_img/20230502/3271743/3271743_16830113867415_220.jpg,long sleeve top
http://image.msscdn.net/images/goods_img/20230502/3271775/3271775_16830118540551_220.jpg,long sleeve top
http://image.msscdn.net/images/goods_img/20230502/3271898/3271898_16835927676936_220.jpg,long sleeve top
http://image.msscdn.net/images/goods_img/20230502/3272018/3272018_16830148230409_220.jpg,long sleeve dress
http://image.msscdn.net/images/goods_img/20230502/3272029/3272029_16830154693394_220.jpg,long sleeve top
http://image.msscdn.net/images/goods_img/20230502/3272642/3272642_16830271692254_220.jpg,long sleeve top
http://image.msscdn.net/images/goods_img/20230503/3273642/3273642_16841293650572_220.jpg,long sleeve top
http://image.msscdn.net/images/goods_img/20230503/3273678/3273678_16830820158058_220.jpg,long sleeve top
http://image.msscdn.net/images/goods_img/20230503/3273680/3273680_16842840634317_220.jpg,short sleeve top
http://image.msscdn.net/images/goods_img/20230503/3274357/3274357_16830929417442_220.jpg,long sleeve top
http://image.msscdn.net/images/goods_img/20230503/3274359/3274359_16830929884635_220.jpg,shorts
http://image.msscdn.net/images/goods_img/20230503/3274372/3274372_16830931038705_220.jpg,short sleeve top
http://image.msscdn.net/images/goods_img/20230503/3274928/3274928_16830998406854_220.jpg,short sleeve top
http://image.msscdn.net/images/goods_img/20230503/3275497/3275497_16831629172175_220.jpg,skirt
http://image.msscdn.net/images/goods_img/20230503/3275498/3275498_16831628986204_220.jpg,vest dress
http://image.msscdn.net/images/goods_img/20230503/3275920/3275920_16831146220886_220.jpg,trousers
http://image.msscdn.net/images/goods_img/20230503/3276010/3276010_16836316772389_220.jpg,long sleeve top
http://image.msscdn.net/images/goods_img/20230503/3276011/3276011_16836316448787_220.jpg,long sleeve top
http://image.msscdn.net/images/goods_img/20230504/3276386/3276386_16855124764928_220.jpg,skirt
http://image.msscdn.net/images/goods_img/20230504/3276389/3276389_16855127875948_220.jpg,trousers
http://image.msscdn.net/images/goods_img/20230504/3276391/3276391_16831660513461_220.jpg,skirt
http://image.msscdn.net/images/goods_img/20230504/3276704/3276704_16855839819872_220.jpg,long sleeve top
http://image.msscdn.net/images/goods_img/20230504/3276727/3276727_16831691543143_220.jpg,vest dress
http://image.msscdn.net/images/goods_img/20230504/3276871/3276871_16843150261063_220.jpg,short sleeve top
http://image.msscdn.net/images/goods_img/20230504/3277590/3277590_16843781519048_220.jpg,trousers
http://image.msscdn.net/images/goods_img/20230504/3278318/3278318_16831836404100_220.jpg,trousers
http://image.msscdn.net/images/goods_img/20230504/3278457/3278457_16831856587610_220.jpg,long sleeve top
http://image.msscdn.net/images/goods_img/20230504/3278748/3278748_16847405833540_220.jpg,long sleeve top
http://image.msscdn.net/images/goods_img/20230508/3279658/3279658_16835113918811_220.jpg,short sleeve top
http://image.msscdn.net/images/goods_img/20230508/3279660/3279660_16835117421438_220.jpg,long sleeve top
http://image.msscdn.net/images/goods_img/20230508/3279662/3279662_16835118342867_220.jpg,short sleeve top
http://image.msscdn.net/images/goods_img/20230508/3279682/3279682_16835268136014_220.jpg,long sleeve top
http://image.msscdn.net/images/goods_img/20230508/3280373/3280373_16835238656102_220.jpg,trousers
http://image.msscdn.net/images/goods_img/20230508/3280481/3280481_16835925772302_220.jpg,long sleeve top
http://image.msscdn.net/images/goods_img/20230508/3280482/3280482_16835925912500_220.jpg,long sleeve top
http://image.msscdn.net/images/goods_img/20230508/3280483/3280483_16835926054787_220.jpg,long sleeve dress
http://image.msscdn.net/images/goods_img/20230508/3280484/3280484_16835926197728_220.jpg,long sleeve top
http://image.msscdn.net/images/goods_img/20230508/3280486/3280486_16835926324340_220.jpg,long sleeve top
http://image.msscdn.net/images/goods_img/20230508/3280492/3280492_16835926457367_220.jpg,long sleeve top
http://image.msscdn.net/images/goods_img/20230508/3280772/3280772_16835487510160_220.jpg,trousers
http://image.msscdn.net/images/goods_img/20230508/3281457/3281457_16835338918664_220.jpg,long sleeve top
http://image.msscdn.net/images/goods_img/20230508/3281459/3281459_16835339007086_220.jpg,trousers
http://image.msscdn.net/images/goods_img/20230508/3281664/3281664_16843793396004_220.png,trousers
http://image.msscdn.net/images/goods_img/20230508/3281793/3281793_16836176029788_220.jpg,trousers
http://image.msscdn.net/images/goods_img/20230509/3283619/3283619_16836073652802_220.jpg,shorts
http://image.msscdn.net/images/goods_img/20230509/3283661/3283661_16836076825165_220.jpg,short sleeve top
http://image.msscdn.net/images/goods_img/20230509/3283977/3283977_16867168108914_220.jpg,trousers
http://image.msscdn.net/images/goods_img/20230509/3284756/3284756_16836145376781_220.jpg,long sleeve top
http://image.msscdn.net/images/goods_img/20230509/3285072/3285072_16836169536457_220.jpg,long sleeve outwear
http://image.msscdn.net/images/goods_img/20230509/3285102/3285102_16862959706265_220.jpg,long sleeve top
http://image.msscdn.net/images/goods_img/20230509/3285193/3285193_16836854743359_220.jpg,short sleeve top
http://image.msscdn.net/images/goods_img/20230509/3285221/3285221_16836863338966_220.jpg,long sleeve top
http://image.msscdn.net/images/goods_img/20230510/3286638/3286638_16855872192532_220.jpg,skirt
http://image.msscdn.net/images/goods_img/20230510/3286640/3286640_16836848685047_220.jpg,skirt
http://image.msscdn.net/images/goods_img/20230510/3286826/3286826_16836887173633_220.png,long sleeve top
http://image.msscdn.net/images/goods_img/20230510/3287333/3287333_16847217493992_220.jpg,long sleeve top
http://image.msscdn.net/images/goods_img/20230510/3287354/3287354_16848303816037_220.jpg,long sleeve top
http://image.msscdn.net/images/goods_img/20230510/3289026/3289026_16837163751684_220.jpg,short sleeve top
http://image.msscdn.net/images/goods_img/20230510/3289028/3289028_16837165991850_220.jpg,long sleeve top
http://image.msscdn.net/images/goods_img/20230511/3289691/3289691_16860353692300_220.jpg,trousers
http://image.msscdn.net/images/goods_img/20230511/3290297/3290297_16837705720000_220.jpg,short sleeve top
http://image.msscdn.net/images/goods_img/20230511/3290592/3290592_16837751937006_220.jpg,trousers
http://image.msscdn.net/images/goods_img/20230511/3291495/3291495_16838704317200_220.jpg,short sleeve top
http://image.msscdn.net/images/goods_img/20230511/3291507/3291507_16838704479200_220.jpg,short sleeve top
http://image.msscdn.net/images/goods_img/20230511/3291511/3291511_16838704631031_220.jpg,long sleeve top
http://image.msscdn.net/images/goods_img/20230511/3291518/3291518_16838704672745_220.jpg,long sleeve top
http://image.msscdn.net/images/goods_img/20230511/3291526/3291526_16838704272681_220.jpg,long sleeve top
http://image.msscdn.net/images/goods_img/20230511/3292699/3292699_16843260730681_220.jpg,vest dress
http://image.msscdn.net/images/goods_img/20230511/3292703/3292703_16843259524201_220.jpg,vest dress
http://image.msscdn.net/images/goods_img/20230511/3292704/3292704_16843258431794_220.jpg,vest dress
http://image.msscdn.net/images/goods_img/20230512/3293351/3293351_16848251515201_220.jpg,trousers
http://image.msscdn.net/images/goods_img/20230512/3293383/3293383_16849903233362_220.jpg,trousers
http://image.msscdn.net/images/goods_img/20230512/3293607/3293607_16838660196314_220.jpg,long sleeve top
http://image.msscdn.net/images/goods_img/20230512/3293613/3293613_16838660990163_220.jpg,long sleeve top
http://image.msscdn.net/images/goods_img/20230512/3293698/3293698_16838689790641_220.jpg,long sleeve top
http://image.msscdn.net/images/goods_img/20230512/3293737/3293737_16838689956069_220.jpg,long sleeve top
http://image.msscdn.net/images/goods_img/20230512/3293742/3293742_16838690660481_220.jpg,vest dress
http://image.msscdn.net/images/goods_img/20230512/3293747/3293747_16838691266914_220.jpg,short sleeve top
http://image.msscdn.net/images/goods_img/20230512/3293949/3293949_16838696378378_220.jpg,short sleeve top
http://image.msscdn.net/images/goods_img/20230512/3294157/3294157_16838721023326_220.jpg,short sleeve top
http://image.msscdn.net/images/goods_img/20230512/3294821/3294821_16840460967364_220.jpg,long sleeve top
http://image.msscdn.net/images/goods_img/20230512/3294900/3294900_16838821237264_220.jpg,short sleeve top
http://image.msscdn.net/images/goods_img/20230512/3295040/3295040_16849777422914_220.jpg,short sleeve top
http://image.msscdn.net/images/goods_img/20230514/3295165/3295165_16840477505333_220.jpg,short sleeve top
http://image.msscdn.net/images/goods_img/20230515/3296227/3296227_16841225554597_220.jpg,shorts
http://image.msscdn.net/images/goods_img/20230515/3296608/3296608_16841286101193_220.jpg,long sleeve top
http://image.msscdn.net/images/goods_img/20230515/3296638/3296638_16841290975394_220.jpg,long sleeve top
http://image.msscdn.net/images/goods_img/20230515/3296658/3296658_16841292879665_220.jpg,long sleeve top
http://image.msscdn.net/images/goods_img/20230515/3297830/3297830_16841502851406_220.jpg,short sleeve top
http://image.msscdn.net/images/goods_img/20230516/3297912/3297912_16841642539960_220.jpg,trousers
http://image.msscdn.net/images/goods_img/20230516/3298811/3298811_16847396898226_220.jpg,short sleeve top
http://image.msscdn.net/images/goods_img/20230516/3299276/3299276_16842194783337_220.jpg,long sleeve top
http://image.msscdn.net/images/goods_img/20230516/3299333/3299333_16842188369686_220.jpg,long sleeve top
http://image.msscdn.net/images/goods_img/20230516/3299351/3299351_16842190226977_220.jpg,long sleeve top
http://image.msscdn.net/images/goods_img/20230517/3300665/3300665_16856680141597_220.jpg,short sleeve top
http://image.msscdn.net/images/goods_img/20230517/3301260/3301260_16854282155432_220.jpg,shorts
http://image.msscdn.net/images/goods_img/20230517/3301930/3301930_16843036282222_220.jpg,long sleeve top
http://image.msscdn.net/images/goods_img/20230518/3304877/3304877_16855086226297_220.jpg,vest dress
http://image.msscdn.net/images/goods_img/20230518/3304884/3304884_16843811979875_220.jpg,long sleeve top
http://image.msscdn.net/images/goods_img/20230518/3304971/3304971_16855892633816_220.jpg,long sleeve top
http://image.msscdn.net/images/goods_img/20230518/3304973/3304973_16855892930314_220.jpg,trousers
http://image.msscdn.net/images/goods_img/20230518/3305927/3305927_16843895311790_220.jpg,long sleeve top
http://image.msscdn.net/images/goods_img/20230518/3306662/3306662_16844796654949_220.jpg,short sleeve top
http://image.msscdn.net/images/goods_img/20230518/3307217/3307217_16844809489801_220.jpg,long sleeve top
http://image.msscdn.net/images/goods_img/20230518/3307224/3307224_16844802490996_220.jpg,long sleeve top
http://image.msscdn.net/images/goods_img/20230519/3309638/3309638_16844602209776_220.jpg,trousers
http://image.msscdn.net/images/goods_img/20230519/3311195/3311195_16850647869188_220.jpg,shorts
http://image.msscdn.net/images/goods_img/20230519/3312114/3312114_16849018923906_220.jpg,long sleeve top
http://image.msscdn.net/images/goods_img/20230519/3312419/3312419_16844825513861_220.jpg,long sleeve top
http://image.msscdn.net/images/goods_img/20230519/3312549/3312549_16848353662195_220.jpg,long sleeve top
http://image.msscdn.net/images/goods_img/20230519/3312550/3312550_16848353479985_220.jpg,long sleeve dress
http://image.msscdn.net/images/goods_img/20230521/3313268/3313268_16846804323937_220.jpg,long sleeve top
http://image.msscdn.net/images/goods_img/20230521/3313270/3313270_16846805515118_220.jpg,long sleeve top
http://image.msscdn.net/images/goods_img/20230522/3314127/3314127_16847245094418_220.jpg,long sleeve top
http://image.msscdn.net/images/goods_img/20230522/3314391/3314391_16848857288838_220.jpg,vest dress
http://image.msscdn.net/images/goods_img/20230522/3314554/3314554_16847333738773_220.jpg,long sleeve top
http://image.msscdn.net/images/goods_img/20230522/3315552/3315552_16847472618771_220.jpg,short sleeve top
http://image.msscdn.net/images/goods_img/20230523/3316505/3316505_16848064900221_220.jpg,long sleeve top
http://image.msscdn.net/images/goods_img/20230523/3316507/3316507_16848058579148_220.jpg,long sleeve top
http://image.msscdn.net/images/goods_img/20230523/3316508/3316508_16848046661983_220.jpg,long sleeve top
http://image.msscdn.net/images/goods_img/20230523/3316889/3316889_16850631460372_220.jpg,long sleeve top
http://image.msscdn.net/images/goods_img/20230523/3316891/3316891_16850631588864_220.jpg,short sleeve top
http://image.msscdn.net/images/goods_img/20230523/3316894/3316894_16850631767196_220.jpg,short sleeve top
http://image.msscdn.net/images/goods_img/20230523/3316895/3316895_16850631886959_220.jpg,long sleeve top
http://image.msscdn.net/images/goods_img/20230523/3316896/3316896_16850632030423_220.jpg,long sleeve top
http://image.msscdn.net/images/goods_img/20230523/3316897/3316897_16850632138062_220.jpg,long sleeve top
http://image.msscdn.net/images/goods_img/20230523/3316898/3316898_16850632268471_220.jpg,long sleeve top
http://image.msscdn.net/images/goods_img/20230523/3316899/3316899_16850632398978_220.jpg,long sleeve top
http://image.msscdn.net/images/goods_img/20230523/3316905/3316905_16850632697815_220.jpg,vest dress
http://image.msscdn.net/images/goods_img/20230523/3316906/3316906_16850632893561_220.jpg,vest dress
http://image.msscdn.net/images/goods_img/20230523/3316911/3316911_16850633037114_220.jpg,long sleeve dress
http://image.msscdn.net/images/goods_img/20230523/3317798/3317798_16849836675065_220.jpg,long sleeve top
http://image.msscdn.net/images/goods_img/20230524/3321716/3321716_16849089079857_220.jpg,long sleeve top
http://image.msscdn.net/images/goods_img/20230524/3321747/3321747_16849078003021_220.jpg,long sleeve top
http://image.msscdn.net/images/goods_img/20230524/3321876/3321876_16850629645556_220.jpg,short sleeve top
http://image.msscdn.net/images/goods_img/20230524/3321882/3321882_16850629457621_220.jpg,vest dress
http://image.msscdn.net/images/goods_img/20230524/3322264/3322264_16849112071938_220.jpg,short sleeve top
http://image.msscdn.net/images/goods_img/20230524/3322284/3322284_16849115370887_220.jpg,short sleeve top
http://image.msscdn.net/images/goods_img/20230524/3322490/3322490_16849127794790_220.jpg,long sleeve top
http://image.msscdn.net/images/goods_img/20230525/3325758/3325758_16861296186779_220.jpg,long sleeve top
http://image.msscdn.net/images/goods_img/20230525/3325759/3325759_16861297040879_220.jpg,long sleeve top
http://image.msscdn.net/images/goods_img/20230526/3328373/3328373_16850727863282_220.jpg,long sleeve top
http://image.msscdn.net/images/goods_img/20230526/3328414/3328414_16850735481538_220.jpg,long sleeve top
http://image.msscdn.net/images/goods_img/20230528/3330355/3330355_16852809536955_220.jpg,long sleeve top
http://image.msscdn.net/images/goods_img/20230530/3330948/3330948_16854087569567_220.jpg,short sleeve top
http://image.msscdn.net/images/goods_img/20230530/3330951/3330951_16854087725394_220.jpg,skirt
http://image.msscdn.net/images/goods_img/20230531/3335700/3335700_16855137820409_220.jpg,long sleeve top
http://image.msscdn.net/images/goods_img/20230531/3335823/3335823_16855148273857_220.jpg,shorts
http://image.msscdn.net/images/goods_img/20230531/3337095/3337095_16855239707763_220.jpg,long sleeve top
http://image.msscdn.net/images/goods_img/20230601/3340640/3340640_16856066438668_220.jpg,trousers
http://image.msscdn.net/images/goods_img/20230602/3345253/3345253_16857101030428_220.jpg,long sleeve top
http://image.msscdn.net/images/goods_img/20230605/3346185/3346185_16859376482250_220.jpg,long sleeve top
http://image.msscdn.net/images/goods_img/20230605/3346486/3346486_16859426940991_220.jpg,trousers
http://image.msscdn.net/images/goods_img/20230607/3348232/3348232_16860973900951_220.jpg,vest dress
http://image.msscdn.net/images/goods_img/20230607/3348344/3348344_16861155930592_220.jpg,long sleeve dress
http://image.msscdn.net/images/goods_img/20230607/3349599/3349599_16862766570949_220.jpg,short sleeve top
http://image.msscdn.net/images/goods_img/20230607/3349738/3349738_16862763023320_220.jpg,shorts
http://image.msscdn.net/images/goods_img/20230608/3351230/3351230_16866986834278_220.jpg,long sleeve dress
http://image.msscdn.net/images/goods_img/20230608/3352641/3352641_16862113499930_220.jpg,long sleeve top
http://image.msscdn.net/images/goods_img/20230609/3355075/3355075_16862734177058_220.jpg,long sleeve top
